Workbook

Sheet MAL
A1: SECTION | B1: X - SIGNED OUT, Y ASSIGNED, Z AVAILABLE | C1: WPN | D1: IDENTIFIER | E1: RANK | F1: LASTNAME | G1: FIRSTNAME | H1: PRIMARY WEAPON | I1: SERIAL | J1: OPTIC | K1: SERIAL | L1: PEQ | M1: SERIAL | N1: NODS | O1: SERIAL | P1: NOTES | Q1: ADDITIONAL SI
A2: SCT | B2: x | C2: M4 | D2: 1 | E2: 1LT | F2: MILLIGAN | G2: ROBERT | H2: M4 | I2: W010240 | J2: ACOG | K2: 766522/077943 | L2: PEQ-15 | M2: 239025 | N2: PVS-14 | O2: 6542869 | AJ2: ASIP | AK2: 005532 | AT2: M952 LIGHT | AU2: A020163
A3: SCT | B3: Z | C3: M4 | D3: 2 | F3: UNASSIGNED | H3: M4 | I3: W011008 | L3: PEQ-15 | M3: 439044 | N3: PVS-14 | AJ3: MBITR | AK3: 536226 | AT3: M952 LIGHT | AU3: A264614
A4: SCT | B4: Y | C4: M4 | D4: 3 | E4: SPC | F4: TURBITT | G4: CODY | H4: M4 | I4: W011050 | J4: ACOG | K4: 766546/076556 | L4: PEQ-15 | M4: 445661 | N4: PVS-14 | O4: 6517939 | Q4: M320 | AT4: M952 LIGHT | AU4: A316668
A5: SCT | B5: x | C5: M4 | D5: 4 | E5: SGT | F5: CANIDA | G5: CODY | H5: M4 | I5: W011072 | J5: ACOG | K5: 518629 | L5: PEQ-15 | M5: 443052 | N5: PVS-14 | O5: 74106814 | AJ5: ASIP | AK5: 32675 | AL5: 150 | AM5: 008787 | AT5: M952 LIGHT | AU5: A316675
A6: SCT | B6: x | C6: M4 | D6: 5 | E6: SSG | F6: PEREZ | G6: JUAN | H6: M4 | I6: W011097 | J6: ACOG | K6: 766534/076850 | L6: PEQ-15A | M6: 00056091 | N6: PVS-14 | O6: 6541701 | AT6: M952 LIGHT | AU6: A316676
A7: SCT | B7: x | C7: M4 | D7: 6 | E7: SPC | F7: BEASLEY | G7: WADE | H7: M4 | I7: W011609 | J7: ACOG | K7: 518610 | L7: PEQ-15 | M7: 239339 | N7: PVS-14 | O7: A3281 | AJ7: ASIP | AK7: 003029 | AL7: 150 | AM7: 003391 | AT7: M952 LIGHT | AU7: A316684
A8: SCT | B8: x | C8: M4 | D8: 7 | E8: CPL | F8: JACKSON | G8: KHALIB | H8: M4 | I8: W011612 | J8: TMR | K8: 278678W | L8: PEQ-15A | M8: 00056399 | N8: PVS-14 | O8: 74106810 | AT8: M952 LIGHT | AU8: A317428
A9: SCT | B9: x | C9: M4 | D9: 8 | E9: CPL | F9: HOLLIS | G9: SCOTT | H9: M4 | I9: W011613 | J9: ACOG | K9: 766525/077896 | L9: PEQ-15 | M9: 261032 | N9: PVS-14 | O9: 6543961 | AT9: M952 LIGHT | AU9: A317445
A10: MED | B10: x | C10: M4 | D10: 9 | E10: PFC | F10: BERMUDEZ | G10: PETER | H10: M4 | I10: W011619 | J10: M68 | K10: W2108897 | L10: PEQ-15 | M10: 239399 | N10: PVS-14 | O10: 585 | AT10: M952 LIGHT | AU10: A317449
A11: SCT | B11: x | C11: M4 | D11: 10 | E11: SGT | F11: GIBSON | G11: JAMES | H11: M4 | I11: W011683 | J11: ACOG | K11: 525138 | L11: PEQ-15 | M11: 439351 | N11: PVS-14 | O11: 6517929 | Q11: PED-7 | R11: 754 | AT11: M952 LIGHT | AU11: A317556
A12: SCT | B12: x | C12: M4 | D12: 11 | E12: PFC | F12: GILLIARD | G12: BRYSON | H12: M4 | I12: W689754 | J12: ACOG | K12: 518611 | L12: PEQ-15 | M12: 398407 | N12: PVS-14 | O12: 6518157 | Q12: M320 | R12: 254-002140 | AT12: M952 LIGHT | AU12: A317564
A13: SCT | B13: Z | C13: M4 | D13: 12 | F13: UNASSIGNED | H13: M4 | I13: W011689 | J13: ACOG | K13: 518624 | L13: PEQ-15A | M13: 00041967 | N13: PVS-14 | O13: 6542866 | Q13: PAS-13D | R13: 210785 | S13: M2010 | T13: RR14022C | U13: HDMR | V13: 372065Y | W13: PEQ-15 | X13: 278401 | Y13: SUPPRESSOR | Z13: 02516 | AV13: M952 LIGHT | AW13: A317818
A14: SCT | B14: Z | C14: M4 | D14: 13 | F14: UNASSIGNED | H14: M4 | I14: W011694 | L14: PEQ-15A | M14: 00056099 | N14: PVS-14 | AT14: M952 LIGHT | AU14: A317828
A15: SCT | B15: x | C15: M4 | D15: 14 | E15: PFC | F15: CORREA | G15: JUSTIN | H15: M4 | I15: W011699 | J15: ACOG | K15: 518628 | L15: PEQ-15 | M15: 260892 | N15: PVS-14 | O15: 74106803 | AT15: M952 LIGHT | AU15: A317844
A16: SCT | B16: x | C16: M4 | D16: 15 | E16: PFC | F16: HAIRSTON | G16: JUSTIN | H16: M4 | I16: W011753 | J16: ACOG | K16: 524557 | L16: PEQ-15 | M16: 260894 | N16: PVS14 | O16: 6542877 | Q16: PAS-13D | R16: 210851 | AJ16: ASIP | AK16: 25805 | AL16: 150 | AM16: 2738 | AT16: M952 LIGHT | AU16: A317849
A17: SCT | B17: x | C17: M4 | D17: 16 | E17: PFC | F17: NEWCOMB | G17: JOSEPH | H17: M4 | I17: W011755 | J17: ACOG | K17: 552649 | L17: PEQ-15 | M17: 260900 | N17: PVS-14 | O17: 6518409 | AT17: M952 LIGHT | AU17: A317851
A18: SCT | B18: x | C18: M4 | D18: 17 | E18: SGT | F18: BARNES | G18: TYLER | H18: M4 | I18: W011764 | J18: ACOG | K18: 524639 | L18: PEQ-15 | M18: 260897 | N18: PVS-14 | O18: 6543972 | AJ18: MBITR | AK18: 536226 | AT18: M952 LIGHT | AU18: A317852
A19: SCT | B19: x | C19: M4 | D19: 18 | E19: SPC | F19: WRIGHT | G19: JACOB | H19: M4 | I19: W011784 | J19: ACOG | K19: 766536/077723 | L19: PEQ-15A | M19: 00056104 | N19: PVS-14 | O19: 6518627 | Q19: PAS-13D | R19: 207594 | S19: M320 | T19: 254-002135 | AV19: M952 LIGHT | AW19: A318092
A20: SCT | B20: x | C20: M4 | D20: 19 | E20: CPT | F20: ZBINDEN | G20: TEMPORARILY | H20: M4 | I20: W011822 | J20: ACOG | K20: 525136 | L20: PEQ-15 | M20: 260899 | O20: 6517971 | P20: USUALLY REACH SCOUTS | Q20: M110 | R20: 05344 | S20: HDMR | T20: AU37067 | U20: PEQ-15 | V20: 445574 | W20: SUPPRESSOR | X20: S075862 | AT20: M952 LIGHT | AU20: A318096
A21: SCT | B21: x | C21: M4 | D21: 20 | E21: SPC | F21: HOMAN | G21: GAVIN | H21: M4 | I21: W011891 | J21: ACOG | K21: 525143 | L21: PEQ-15 | M21: 239310 | N21: PVS-14 | O21: 6517951 | AT21: M952 LIGHT | AU21: A318100
A22: MED | B22: x | C22: M4 | D22: 21 | E22: SPC | F22: CYR | G22: SCHYLAR | H22: M4 | I22: W011892 | J22: CCO | K22: W2487337 | L22: PEQ-15 | M22: 260898 | N22: PVS-14 | O22: 6526515 | AJ22: MBITR | AK22: 23660 | AT22: M952 LIGHT | AU22: A318101
A23: SCT | B23: x | C23: M4 | D23: 22 | E23: PFC | F23: FISCHL | G23: RILEY | H23: M4 | I23: W011899 | J23: ACOG | K23: 518625 | L23: PEQ-15 | M23: 261040 | N23: PVS-14 | O23: 6543973 | AJ23: SKL | AK23: 237890 | AL23: 150 | AM23: 5101 | AN23: DAGR | AO23: 34543 | AT23: M952 LIGHT | AU23: A318252
A24: SCT | B24: x | C24: M4 | D24: 23 | E24: SPC | F24: CRAIG | G24: CHARLES | H24: M4 | I24: W011907 | J24: ACOG | K24: 552643 | L24: PEQ-15 | M24: 261041 | N24: PVS-14 | O24: 6542874 | Q24: PAS-13D | R24: 210832 | AT24: M952 LIGHT | AU24: A318478
A25: SCT | B25: x | C25: M4 | D25: 24 | E25: SGT | F25: LANDRUM | G25: CHRISTOPHER | H25: M4 | I25: W011921 | J25: TMR | K25: 286506W | L25: PEQ-15 | M25: 443186 | N25: PVS-14 | O25: 6542855 | Q25: PED-7 | R25: 1519 | S25: M110 | T25: 05341 | U25: TMR | V25: 376707X | W25: PEQ-15 | X25: 439381 | Y25: SUPPRESSOR | Z25: S075891 | AV25: M952 LIGHT | AW25: A318523
A26: SCT | B26: x | C26: M4 | D26: 25 | E26: SPC | F26: BANCROFT | G26: GRANGER | H26: M4 | I26: W012087 | J26: ACOG | K26: 525145 | L26: PEQ-15 | M26: 261048 | N26: PVS-14 | O26: 74106860 | Q26: M320 | R26: 254-002140 | AT26: M952 LIGHT | AU26: A318525
A27: SCT | B27: Y | C27: M4 | D27: 26 | E27: SGT | F27: SPENCER | G27: PHILIP | H27: M4 | I27: W012101 | J27: ACOG | K27: 584627 | L27: PEQ-15 | M27: 261046 | N27: PVS-14 | O27: 6518489 | Q27: PAS-13D | R27: 211718 | AT27: M952 LIGHT | AU27: A318553
A28: SCT | B28: x | C28: M4 | D28: 27 | E28: PFC | F28: LELAND | G28: TEMPORARILY | H28: M4 | I28: W012104 | J28: ACOG | K28: 652036 | L28: PEQ-15 | M28: 239026 | N28: PVS-14 | O28: 6542858 | P28: USUALLY JOSKOWITZ | Q28: PAS-13D | R28: 211725 | AT28: M952 LIGHT | AU28: A318600
A29: SCT | B29: x | C29: M4 | D29: 28 | E29: SGT | F29: LAIRD | G29: TY | H29: M4 | I29: W012112 | J29: ACOG | K29: 525147 | L29: PEQ-15 | M29: 261049 | N29: PSQ-20B | O29: 4192 | Q29: PAS-13D | R29: 210763 | AT29: M952 LIGHT | AU29: A318611
A30: HQ | B30: x | C30: M4 | D30: 29 | E30: SPC | F30: STROEVE | G30: ETHAN | H30: M4 | I30: W012116 | J30: ACOG | K30: 584649 | L30: PEQ-15 | M30: 261086 | N30: PVS-14 | O30: 552 | AX30: M952 LIGHT | AY30: A318624
A31: SCT | B31: x | C31: M4 | D31: 30 | E31: SGT | F31: CLINE | G31: BENJAMIN | H31: M4 | I31: W012131 | J31: ACOG | K31: 525164 | L31: PEQ-15 | M31: 261517 | N31: PVS-14 | O31: 6533513 | Q31: PAS-13D | R31: 210760 | S31: PED-7 | T31: 2146 | U31: M110 | V31: 05347 | W31: HDMR | X31: ET35215H | Y31: PEQ-15 | Z31: 438790 | AA31: SUPPRESSOR | AB31: S075839 | AJ31: MBITR | AK31: 519249 | AT31: M952 LIGHT | AU31: A318653
A32: SCT | B32: x | C32: M4 | D32: 31 | E32: SFC | F32: O’SHIELDS | G32: JEREMY | H32: M4 | I32: W012135 | J32: ACOG | K32: 766535/076851 | L32: PEQ-15 | M32: 395410 | N32: PVS-14 | O32: 74106855 | AT32: M952 LIGHT | AU32: A318659
A33: MRT | B33: x | C33: M4 | D33: 32 | E33: 1LT | F33: BRYANT | G33: CODY | H33: M4 | I33: W012146 | J33: EO TECH | K33: A0488953 | L33: PEQ-15 | M33: 278443 | N33: PVS-14 | O33: 5045 | AT33: M952 LIGHT | AU33: A318660
A34: MRT | B34: x | C34: M4 | D34: 33 | E34: SSG | F34: FOUNTAIN | G34: RYAN | H34: M4 | I34: W012167 | J34: ACOG | K34: 766554/077808 | L34: PEQ-15 | M34: 261722 | N34: PVS-14 | O34: 6542865 | AT34: M952 LIGHT | AU34: A318666
A35: MRT | B35: x | C35: M4 | D35: 34 | E35: PV2 | F35: RUPPAL | G35: HUNTER | H35: M4 | I35: W012186 | J35: M68 | K35: W2490408 | L35: PEQ-15 | M35: 439303 | N35: PVS-14 | O35: 74106843 | AT35: M952 LIGHT | AU35: A318669
A36: MRT | B36: x | C36: M4 | D36: 35 | E36: PFC | F36: ATKINSON | G36: PRESCOTT | H36: M4 | I36: W012208 | J36: M68 | K36: W2488301 | L36: PEQ-15 | M36: 261784 | N36: PVS-14 | O36: 74106841 | AT36: M952 LIGHT | AU36: A318671
A37: MRT | B37: x | C37: M4 | D37: 36 | E37: PFC | F37: WALL | G37: JOSEPH | H37: M4 | I37: W012224 | J37: M68 | K37: W2490411 | L37: PEQ-15 | M37: 261793 | N37: PVS-14 | O37: 74106820 | AT37: M952 LIGHT | AU37: A318672
A38: MRT | B38: x | C38: M4 | D38: 37 | E38: PFC | F38: AVALOS | G38: JACOB | H38: M4 | I38: W012232 | J38: M68 | K38: W2488308 | L38: PEQ-15 | M38: 261795 | N38: PVS-14 | O38: 6541109 | AT38: M952 LIGHT | AU38: A318673
A39: MRT | B39: x | C39: M4 | D39: 38 | E39: PFC | F39: MORA | G39: TEMPORARILY | H39: M4 | I39: W012237 | J39: M68 | K39: W2487338 | L39: PEQ-15 | M39: 261896 | N39: PVS-14 | O39: 74106807 | P39: USUALLY THOMPSON / NVGS NEEDS NEW DATA PLATE | Q39: PAS-13E(V)3 | R39: 873916 | AT39: M952 LIGHT | AU39: A318674
A40: MRT | B40: x | C40: M4 | D40: 39 | E40: SPC | F40: PAYNE | G40: ERRIN | H40: M4 | I40: W012267 | J40: M68 | K40: W2490399 | L40: PEQ-15 | M40: 278310 | N40: PVS-14 | O40: 74106846 | AT40: M952 LIGHT | AU40: A318839
A41: MRT | B41: x | C41: M4 | D41: 40 | E41: SGT | F41: ALLEN | G41: AUSTIN | H41: M4 | I41: W012286 | J41: M68 | K41: W2488319 | L41: PEQ-15 | M41: 278313 | N41: PVS-14 | O41: 6507750 | Q41: PAS-13G | R41: 704028 | AT41: M952 LIGHT | AU41: A319012
A42: HQ | B42: x | C42: M4 | D42: 41 | E42: SGT | F42: BATISTO | G42: ANGELITO | H42: M4 | I42: W012293 | J42: M68 | K42: W2490407 | L42: PEQ-15 | M42: 278315 | N42: PVS-14 | O42: 6517922 | AT42: M952 LIGHT | AU42: A319013
A43: MRT | B43: Y | C43: M4 | D43: 42 | E43: SPC | F43: LITTLE | G43: TERRANCE | H43: M4 | I43: W012295 | J43: M68 | K43: 624777 | L43: PEQ-15 | M43: 278316 | N43: PVS-14 | O43: 6542867 | AT43: M952 LIGHT | AU43: A319019
A44: MRT | B44: x | C44: M4 | D44: 43 | E44: SGT | F44: SIMPSON | G44: JACOB | H44: M4 | I44: W012296 | J44: M68 | K44: W2527417 | L44: PEQ-15 | M44: 278317 | N44: PVS-14 | O44: 3181 | Q44: PAS-13G | R44: 703997 | AT44: M952 LIGHT | AU44: A319034
A45: MRT | B45: x | C45: M4 | D45: 44 | E45: PFC | F45: GIMNICH | G45: AUSTIN | H45: M4 | I45: W012297 | J45: M68 | K45: W2488310 | L45: PEQ-15 | M45: 278318 | N45: PVS-14 | O45: 6542860 | Q45: M240B | R45: U110589 | S45: M145 | T45: ELC-09-73251 | U45: PEQ-15 | V45: 443103 | AT45: M952 LIGHT | AU45: A319672
A46: MRT | B46: x | C46: M4 | D46: 45 | E46: PFC | F46: MOORE | G46: EAMON | H46: M4 | I46: W012300 | J46: M68 | K46: W2527424 | L46: PEQ-15 | M46: 261719 | N46: PVS-14 | O46: 6543982 | AT46: M952 LIGHT | AU46: A319706
A47: MRT | B47: x | C47: M4 | D47: 46 | E47: PV2 | F47: CASSELL | G47: JEREMY | H47: M4 | I47: W012321 | J47: M68 | K47: W2527439 | L47: PEQ-15 | M47: 278386 | N47: PVS-14 | O47: 6517946 | AT47: M952 LIGHT | AU47: A319720
A48: MRT | B48: x | C48: M4 | D48: 47 | E48: SGT | F48: POWELL | G48: CHRISTIAN | H48: M4 | I48: W012324 | J48: M68 | K48: K2359022 | L48: PEQ-15 | M48: 278388 | N48: PVS-14 | O48: 6517967 | AT48: M952 LIGHT | AU48: A319721
A49: MRT | B49: x | C49: M4 | D49: 48 | E49: SGT | F49: BRADY | G49: CHRISTOPHER | H49: M4 | I49: W012353 | J49: M68 | K49: W2488299 | L49: PEQ-15A | M49: 00041716 | N49: PVS-14 | O49: 74106854 | Q49: PAS-13G | R49: 704054 | AT49: M952 LIGHT | AU49: A319743
A50: MRT | B50: x | C50: M4 | D50: 49 | E50: PFC | F50: MCCORMICK | G50: LOGAN | H50: M4 | I50: W012389 | J50: M68 | K50: W2527447 | L50: PEQ-15 | M50: 278399 | N50: PVS-14 | O50: 6542853 | AT50: M952 LIGHT | AU50: A319748
A51: MRT | B51: x | C51: M4 | D51: 50 | E51: SSG | F51: VELASQUEZ | G51: GERARDO | H51: M4 | I51: W012394 | J51: M68 | K51: 1013265 | L51: PEQ-15 | M51: 439482 | N51: PVS-14 | O51: 6507759 | AT51: M952 LIGHT | AU51: A319753
A52: MRT | B52: x | C52: M4 | D52: 51 | E52: SPC | F52: DALEY | G52: NICKLAUS | H52: M4 | I52: W012407 | J52: M68 | K52: W2488311 | L52: PEQ-15 | M52: 278441 | N52: PVS-14 | O52: 612 | AT52: M952 LIGHT | AU52: A319887
A53: MRT | B53: x | C53: M4 | D53: 52 | E53: PV2 | F53: CHURCHMAN | G53: CASON | H53: M4 | I53: W012452 | J53: M68 | K53: W2530105 | L53: PEQ-15 | M53: 239353 | N53: PVS-14 | O53: 6542733 | AT53: M952 LIGHT | AU53: A319888
A54: MRT | B54: x | C54: M4 | D54: 53 | E54: SPC | F54: PARRY | G54: JAMES | H54: M4 | I54: W012468 | J54: M68 | K54: W2488307 | L54: PEQ-15 | M54: 439353 | N54: PVS-14 | O54: 6542857 | Q54: M240B | R54: U110580 | S54: M145 | T54: ELC-05-42128 | U54: PEQ-15 | V54: 439307 | AT54: M952 LIGHT | AU54: A319893
A55: MRT | B55: x | C55: M4 | D55: 54 | E55: SPC | F55: TROSCH | G55: GARRET | H55: M4 | I55: W012472 | J55: M68 | K55: W2488300 | L55: PEQ-15 | M55: 278444 | N55: PVS-14 | O55: 74106845 | AT55: M952 LIGHT | AU55: A319894
A56: HQ | B56: x | C56: M4 | D56: 55 | E56: SFC | F56: JIMENEZ | G56: CHRISTOPHER | H56: M4 | I56: W012520 | J56: ACOG | K56: 518609 | L56: PEQ-15 | M56: 278391 | N56: PVS-14 | O56: 74106859 | AT56: M952 LIGHT | AU56: A319897
A57: MED | B57: x | C57: M4 | D57: 56 | E57: SSG | F57: CASTANEDA | G57: RAINER | H57: M4 | I57: W012508 | J57: EO TECH | K57: A0488873 | L57: PEQ-15 | M57: 278446 | N57: PVS-14 | O57: 6517960 | AT57: M952 LIGHT | AU57: A319899
A58: HQ | B58: x | C58: M4 | D58: 57 | E58: CPT | F58: MATTHEWS | G58: DAVID | H58: M4 | I58: W012924 | J58: ACOG | K58: 043591 | L58: PEQ-15 | M58: 395397 | N58: PVS-14 | O58: 6518486 | AT58: M952 LIGHT | AU58: A319909
A59: HQ | B59: x | C59: M4 | D59: 58 | E59: SGT | F59: BROOKS | G59: MITCHELL | H59: M4 | I59: W012938 | J59: M68 | K59: 165819 | L59: PEQ-15 | M59: 395401 | N59: PVS-14 | O59: 584 | AT59: M952 LIGHT | AU59: A319918
A60: HQ | B60: x | C60: M4 | D60: 59 | E60: SPC | F60: RAVELLI | G60: TEMPORARILY | H60: M4 | I60: W013230 | J60: M68 | K60: W2108895 | L60: PEQ-15 | M60: 278445 | N60: PVS-14 | O60: 6507718 | P60: USUALLY KABA MAHAMOUDOU | AT60: M952 LIGHT | AU60: A320030
A61: HQ | B61: x | C61: M4 | D61: 60 | E61: PFC | F61: SMITHERS | G61: MICHAEL | H61: M4 | I61: W013260 | J61: M68 | K61: W2527376 | L61: PEQ-15 | M61: 395402 | N61: PVS-14 | O61: 74106813 | AT61: M952 LIGHT | AU61: A320128
A62: HQ | B62: x | C62: M4 | D62: 61 | E62: PFC | F62: LINDSAY | G62: TEMPORARILY | H62: M4 | I62: W038096 | J62: M68 | K62: 983748 | L62: PEQ-15 | M62: 395403 | N62: PVS-14 | O62: 74106798 | P62: USUALLY ROBERTS | AT62: M952 LIGHT | AU62: A320134
A63: S1 | B63: Z | C63: M4 | D63: 62 | F63: ANTHONY | H63: M4 | I63: W039113 | J63: M68 | K63: 254 | L63: PEQ-15 | M63: 395405 | N63: PVS-14 | O63: 6517936 | P63: THIS SHOULD BE LINDSAY | AT63: M952 LIGHT | AU63: A320142
A64: S1 | B64: x | C64: M4 | D64: 63 | E64: CPT | F64: KAICHER | G64: JONATHAN | H64: M4 | I64: W039489 | J64: M68 | K64: 165839 | L64: PEQ-15 | M64: 395406 | N64: PVS-14 | O64: 6541875 | P64: WILL BECOME CPT RAY (ACTUAL S1) | AT64: M952 LIGHT | AU64: A320143
A65: S1 | B65: x | C65: M4 | D65: 64 | E65: PFC | F65: DOYLE | G65: TRISTON | H65: M4 | I65: W039509 | J65: M68 | K65: W2487347 | L65: PEQ-15 | M65: 395407 | N65: PVS-14 | O65: 6518625 | AT65: M952 LIGHT | AU65: A320144
A66: S1 | B66: Z | C66: M4 | D66: 65 | F66: SMITH | H66: M4 | I66: W039546 | J66: M68 | K66: W2129797 | L66: PEQ-15 | M66: 395409 | N66: PVS-14 | O66: 6517759 | P66: THIS SHOULD BE S1 | AT66: M952 LIGHT | AU66: A320145
A67: S1 | B67: x | C67: M4 | D67: 66 | E67: SGT | F67: YANG | G67: JORDAN | H67: M4 | I67: W039593 | J67: M68 | K67: 146930 | L67: PEQ-15 | M67: 239315 | N67: PVS-14 | O67: 6518216 | AT67: M952 LIGHT | AU67: A320151
A68: SCT | B68: X | C68: M4 | D68: 67 | E68: SGT | F68: BARR | G68: PATRICK | H68: M4 | I68: W039653 | J68: ACOG | K68: 533324 | L68: PEQ-15A | M68: 00056094 | N68: PVS-14 | O68: 6517903 | AT68: M952 LIGHT | AU68: A320370
A69: S1 | B69: X | C69: M4 | D69: 68 | E69: SGT | F69: BOBBITT | G69: SAMUEL | H69: M4 | I69: W039863 | J69: M68 | K69: 146898 | N69: PVS-14 | O69: 6542697 | AT69: M952 LIGHT | AU69: A320376
A70: S2 | B70: x | C70: M4 | D70: 69 | E70: CPT | F70: LAWSON | G70: WILLIAM | H70: M4 | I70: W039882 | J70: M68 | K70: W2108215 | L70: PEQ-15A | M70: 00041689 | N70: PVS-14 | O70: 6543908 | AD70: M107 | AE70: 12363 | AF70: SIGHT | AG70: 338562K | AT70: M952 LIGHT | AU70: A320380
A71: S2 | B71: x | C71: M4 | D71: 70 | E71: PFC | F71: HUGHES | G71: HANNA | H71: M4 | I71: W040007 | J71: M68 | K71: W2108226 | L71: PEQ-15 | M71: 00041925 | N71: PVS-14 | O71: 6550460 | AT71: M952 LIGHT | AU71: A320382
A72: S2 | B72: x | C72: M4 | D72: 71 | E72: PFC | F72: SHELTON | G72: NICHOLAS | H72: M4 | I72: W040015 | J72: M68 | K72: W2487325 | L72: PEQ-15 | M72: 395414 | N72: PVS-14 | O72: 74106801 | AD72: M107 | AE72: 12359 | AF72: SIGHT | AG72: 236314K | AT72: M952 LIGHT | AU72: A320386
A73: S2 | B73: Y | C73: M4 | D73: 72 | E73: 2LT | F73: MOUGHAN | G73: SEAN | H73: M4 | I73: W040167 | J73: M68 | K73: 982966 | L73: PEQ-15 | M73: 395412 | N73: PVS-14 | O73: 74104548 | AT73: M952 LIGHT | AU73: A320389
A74: S2 | B74: x | C74: M4 | D74: 73 | E74: SSG | F74: DAVIS | G74: MATTHEW | H74: M4 | I74: W040168 | J74: M68 | K74: W2488313 | L74: PEQ-15A | M74: 00042142 | N74: PVS-14 | O74: 6533514 | AT74: M952 LIGHT | AU74: A320393
A75: S2 | B75: y | C75: M4 | D75: 74 | E75: PFC | F75: ROBERTS | G75: SAWYER | H75: M4 | I75: W040179 | J75: M68 | K75: K2225779 | L75: PEQ-15 | M75: 395449 | N75: PVS-14 | AT75: M952 LIGHT | AU75: A320395
A76: HQ | B76: x | C76: M4 | D76: 75 | E76: 1LT | F76: CICO | G76: LORENZO | H76: M4 | I76: W044044 | J76: EO TECH | K76: 117632 | L76: PEQ-15 | M76: 395450 | N76: PVS-14 | O76: 6543979 | AT76: M952 LIGHT | AU76: A320399
A77: CMD | B77: x | C77: M4 | D77: 76 | E77: LTC | F77: HALLOWS | G77: CHRISTOPHER | H77: M4 | I77: W044045 | J77: ACOG | K77: 552641 | L77: PEQ-15 | M77: 395451 | N77: PVS-14 | O77: 6518491 | Q77: M9 | R77: 1051200 | AT77: M952 LIGHT | AU77: A320400
A78: CMD | B78: x | C78: M4 | D78: 77 | E78: CSM | F78: JORDAN | G78: MICAHEL | H78: M4 | I78: W044298 | J78: ACOG | K78: 584641 | L78: PEQ-15 | M78: 397605 | N78: PVS-14 | O78: 6507729 | Q78: M9 | R78: 1052355 | AT78: M952 LIGHT | AU78: A320401
A79: CMD | B79: x | C79: M4 | D79: 78 | E79: MAJ | F79: AMMONS | G79: BARRY | H79: M4 | I79: W044312 | J79: M68 | K79: W2488317 | L79: PEQ-15 | M79: 398357 | N79: PVS-14 | O79: 6518493 | Q79: M9 | R79: 1063588 | AT79: M952 LIGHT | AU79: A320407
A80: CMD | B80: x | C80: M4 | D80: 79 | E80: MAJ | F80: ROBINSON | G80: ANDREW | H80: M4 | I80: W047661 | J80: ACOG | K80: 525154 | L80: PEQ-15 | M80: 398427 | N80: PVS-14 | O80: 6550567 | Q80: M9 | R80: 1063650 | AT80: M952 LIGHT | AU80: A320762
A81: CMD | B81: x | C81: M4 | D81: 80 | E81: SGM | F81: MENDEZ | G81: JOEY | H81: M4 | I81: W047662 | J81: M68 | K81: W2490398 | L81: PEQ-15 | M81: 398505 | N81: PVS-14 | O81: 6518440 | Q81: M9 | R81: 1063997 | AT81: M952 LIGHT | AU81: A320823
A82: S3 | B82: x | C82: M4 | D82: 81 | E82: PFC | F82: MOTEN | G82: TEMPORARILY | H82: M4 | I82: W047680 | J82: M68 | K82: W2490397 | L82: PEQ-15 | M82: 398506 | N82: PVS-14 | O82: 74106804 | P82: USUALLY BC DRIVER | Q82: M240B | R82: U109455 | S82: M145 | T82: ELC-05-58074 | U82: PEQ-15 | V82: 443161 | AT82: M952 LIGHT | AU82: A320838
A83: S3 | B83: x | C83: M4 | D83: 82 | E83: 1LT | F83: HAZEN | G83: BRIAN | H83: M4 | I83: W047693 | J83: M68 | K83: W2490396 | L83: PEQ-15 | M83: 398508 | N83: PVS-14 | O83: 6543957 | Q83: M9 | R83: 1047377 | AT83: M952 LIGHT | AU83: A320848
A84: S1 | B84: Y | C84: M4 | D84: 83 | E84: CPT | F84: BUECHELE | G84: JAMES | H84: M4 | I84: W047696 | J84: M68 | K84: W2488318 | L84: PEQ-15 | M84: 398510 | N84: PVS-14 | O84: 6517909 | P84: THIS SHOULD BE S3 | AT84: M952 LIGHT | AU84: A320855
A85: S3 | B85: Y | C85: M4 | D85: 84 | E85: SPC | F85: BOGER | G85: SEAN | H85: M4 | I85: W047725 | J85: M68 | K85: W2490392 | L85: PEQ-15 | M85: 438573 | N85: PVS-14 | O85: 54621407 | P85: USUALLY RD9 DRIVER | Q85: M240B | R85: U102990 | S85: M145 | T85: ELC-05-57453 | U85: PEQ-15A | V85: 00056027 | AT85: M952 LIGHT | AU85: A320862
A86: S3 | B86: Y | C86: M4 | D86: 85 | E86: SSG | F86: PECHECO | G86: ROBERT | H86: M4 | I86: W047741 | J86: EO TECH | K86: A0514275 | L86: PEQ-15 | M86: 395411 | N86: PVS-14 | O86: 6541048 | P86: WAS MEROLA | AT86: M952 LIGHT | AU86: A321013
A87: S3 | B87: Y | C87: M4 | D87: 86 | E87: SSG | F87: BENNETT | G87: MICHAEL | H87: M4 | I87: W047750 | J87: M68 | K87: W2487335 | L87: PEQ-15 | M87: 439049 | N87: PVS-14 | AT87: M952 LIGHT | AU87: A321028
A88: S3 | B88: x | C88: M4 | D88: 87 | E88: SGT | F88: MAIER | G88: RYAN | H88: M4 | I88: W047759 | J88: M68 | K88: W2488302 | L88: PEQ-15 | M88: 00056426 | N88: PVS-14 | O88: 606 | AT88: M952 LIGHT | AU88: A321029
A89: S3 | B89: Y | C89: M4 | D89: 88 | E89: SSG | F89: MAYS | G89: HS | H89: M4 | I89: W047760 | J89: M68 | K89: W2488298 | L89: PEQ-15 | M89: 239471 | N89: PVS-14 | O89: 3288 | AT89: M952 LIGHT | AU89: A321130
A90: S3 | B90: x | C90: M4 | D90: 89 | E90: 2LT | F90: SWISTARA | G90: RICHARD | H90: M4 | I90: W047773 | J90: M68 | K90: 552069 | L90: PEQ-15A | M90: 00056441 | N90: PVS-14 | O90: 74106838 | AT90: M952 LIGHT | AU90: A321145
A91: S3 | B91: Y | C91: M4 | D91: 90 | E91: 1LT | F91: SMITH | G91: JALEN | H91: M4 | I91: W047789 | J91: M68 | K91: 1013226 | L91: PEQ-15 | M91: 439308 | N91: PVS-14 | AT91: M952 LIGHT | AU91: A321146
A92: S3 | B92: x | C92: M4 | D92: 91 | E92: 2LT | F92: SELIG | G92: CHRISTOPHER | H92: M4 | I92: W047793 | J92: M68 | K92: 1013229 | L92: PEQ-15 | M92: 439518 | N92: PVS-14 | O92: 6550803 | AT92: M952 LIGHT | AU92: A321156
A93: S3 | B93: Y | C93: M4 | D93: 92 | E93: CPT | F93: RODINO | G93: ALEXANDER | H93: M4 | I93: W047794 | J93: M68 | K93: 1013232 | L93: PEQ-15A | M93: 00056497 | N93: PVS-14 | O93: 6517920 | AT93: M952 LIGHT | AU93: A321160
A94: S4 | B94: x | C94: M4 | D94: 93 | E94: CPT | F94: RODRIGUEZ | G94: JAVIER | H94: M4 | I94: W047800 | J94: M68 | K94: 1013239 | L94: PEQ-15 | M94: 439471 | N94: PVS-14 | O94: 6543975 | AT94: M952 LIGHT | AU94: A321166
A95: S4 | B95: x | C95: M4 | D95: 94 | E95: PV2 | F95: SETTLE | G95: TEMPORARILY | H95: M4 | I95: W047803 | J95: M68 | K95: 1013249 | L95: PEQ-15 | M95: 439498 | N95: PVS-14 | O95: 6517958 | P95: USUALLY LT DATER | AT95: M952 LIGHT | AU95: A321175
A96: S1 | B96: x | C96: M4 | D96: 95 | E96: PFC | F96: ROMAN | G96: ULISES | H96: M4 | I96: W047805 | J96: M68 | K96: W2488315 | L96: PEQ-15 | M96: 439512 | N96: PVS-14 | O96: 6542852 | AT96: M952 LIGHT | AU96: A321191
A97: S6 | B97: x | C97: M4 | D97: 96 | E97: PV2 | F97: MASSEY | G97: CORBIN | H97: M4 | I97: W047812 | J97: M68 | K97: 1013254 | L97: PEQ-15 | M97: 439517 | N97: PVS-14 | O97: 6517927 | AT97: M952 LIGHT | AU97: A321393
A98: S6 | B98: x | C98: M4 | D98: 97 | E98: PFC | F98: ORTIZ | G98: TEMPORARILY | H98: M4 | I98: W047818 | J98: M68 | K98: W2128095 | L98: PEQ-15 | M98: 440369 | N98: PVS-14 | O98: 54621334 | P98: USUALLY SSG GAUSE, EMITT | AT98: M952 LIGHT | AU98: A321394
A99: S6 | B99: x | C99: M4 | D99: 98 | E99: PFC | F99: GALLIK | G99: CHRISTOPHER | H99: M4 | I99: W047823 | J99: M68 | K99: 1013266 | L99: PEQ-15 | M99: 442112 | N99: PVS-14 | O99: 6517911 | AT99: M952 LIGHT | AU99: A321398
A100: S6 | B100: Y | C100: M4 | D100: 99 | E100: PFC | F100: JACKSON | G100: MARQUISE | H100: M4 | I100: W047828 | J100: M68 | K100: W2067513 | L100: PEQ-15 | M100: 260893 | N100: PVS-14 | AT100: M952 LIGHT | AU100: A321412
...

Sheet REAR M4s
A1: SECTION | B1: IDENTIFIER | C1: WPN | D1: STOCK NO. | E1: RANK | F1: LASTNAME | G1: FIRSTNAME | I1: PRIMARY WEAPON | J1: SERIAL | K1: OPTIC | L1: SERIAL | M1: PEQ | N1: SERIAL | O1: NODS | P1: SERIAL
A2: SCT | C2: M4 | D2: 2 | F2: UNASSIGNED | I2: M4 | J2: W011008 | M2: PEQ-15 | N2: 439044 | O2: PVS-14
A3: SCT | C3: M4 | D3: 13 | F3: UNASSIGNED | I3: M4 | J3: W011694 | M3: PEQ-15A | N3: 00056099 | O3: PVS-14
A4: S3 | C4: M4 | D4: 86 | E4: SSG | F4: BENNETT | G4: MICHAEL | H4: BENNETT, MICHAEL | I4: M4 | J4: W047750 | K4: M68 | L4: W2487335 | M4: PEQ-15 | N4: 439049 | O4: PVS-14 | P4: 6542877
A5: S3 | C5: M4 | D5: 90 | F5: UNASSIGNED | I5: M4 | J5: W047789 | K5: M68 | L5: 1013226 | M5: PEQ-15 | N5: 439308 | O5: PVS-14
A6: S4 | C6: M4 | D6: 95 | E6: SGT | F6: POKORNY | G6: BRADLEY | H6: POKORNY, BRADLEY | I6: M4 | J6: W047805 | K6: M68 | L6: W2488315 | M6: PEQ-15 | N6: 439512 | O6: PVS-14 | P6: 6542852
A7: S6 | C7: M4 | D7: 100 | F7: UNASSIGNED | H7: UNASSIGNED, | I7: M4 | J7: W047829 | K7: M68 | L7: W2487343 | M7: PEQ-15 | N7: 443013 | O7: PVS-14 | P7: 74106805
A8: MED | C8: M9 | D8: 107 | F8: UNASSIGNED | I8: M4 | J8: W047905 | K8: EOTECH | L8: 117632 | M8: PEQ-15 | N8: 443193 | O8: PVS-14
A9: MED | C9: M4 | D9: 108 | F9: UNASSIGNED | I9: M4 | J9: W047907 | K9: M68 | M9: PEQ-15 | O9: PVS-14
A10: MED | C10: M4 | D10: 113 | E10: PFC | F10: SMITH | G10: GEORGIA | I10: M4 | J10: W048005 | K10: M68 | L10: W2053863 | M10: PEQ-15 | O10: PVS-14
A11: MED | C11: M4 | D11: 124 | E11: PFC | F11: CYR | G11: SCHYLAR | I11: M4 | J11: W048281 | K11: M68 | L11: 982896 | O11: PVS-14
A12: MED | C12: M4 | D12: 128 | F12: UNASSIGNED | I12: M4 | J12: W048716 | K12: M68 | L12: W2488306 | O12: PVS-14
A13: MED | C13: M4 | D13: 129 | E13: SPC | F13: KOO | G13: INHOI | I13: M4 | J13: W048718 | K13: M68 | L13: K2499422 | O13: PVS-14
A14: MED | C14: M4 | D14: 131 | E14: SGT | F14: ROSS | G14: SAMUEL | I14: M4 | J14: W048730 | K14: M68 | L14: 1013264 | O14: PVS-14
A15: MED | C15: M4 | D15: 132 | F15: UNASSIGNED | I15: M4 | J15: W582105 | K15: M68 | L15: W2487348 | O15: PVS-14
A16: S3 | C16: M9 | D16: 134 | E16: SFC | F16: MARTINEZ | G16: DANIEL | I16: M4 | J16: W689737 | K16: M68 | M16: PEQ-15 | N16: 439518 | O16: PVS-14
A17: S3 | C17: M4 | D17: 136 | E17: 2LT | F17: LARRABEE | G17: COLIN | I17: M4 | J17: W048325 | K17: M68 | L17: W2487333 | M17: PEQ-15A | N17: 00014694 | O17: PVS-14
A18: S3 | C18: M4 | D18: 151 | F18: UNASSIGNED | I18: M4 | J18: W690523 | K18: M68 | L18: W2490410 | O18: PVS-14
D19: 152 | F19: UNASSIGNED | I19: M4 | J19: W012488 | O19: PVS-14
D20: 153 | F20: UNASSIGNED | I20: M4 | J20: W012391 | O20: PVS-14
D21: 154 | F21: UNASSIGNED | I21: M4 | J21: W048042 | O21: PVS-14
D22: 155 | F22: UNASSIGNED | I22: M4 | J22: W011686 | O22: PVS-14
I23: M4 | J23: W047962
I24: M4 | J24: W0007136
I25: M4 | J25: W0008840
I26: M4 | J26: W048711
I27: M4 | J27: W0008211
I28: M4 | J28: W708517
M29: PEQ-15A | N29: 00049949
M30: PEQ-15A | N30: 00041961

Sheet Shermett
A1: POS | B1: LN | C1: NAME | D1: RACK | E1: M4 | F1: M9 | G1: M240 | H1: M320 | I1: M145 | J1: M68 | K1: ACOG | L1: EOTECH | M1: TMR | N1: PAS-13E(V)3 | O1: PAS-13G | P1: PEQ-15 | Q1: PEQ-15A | R1: PVS-14 | S1: PSQ-20B
C2: 1LT MILLIGAN, ROBERT | D2: 1 | E2: W010240 | K2: 766522/077943 | P2: 239025 | R2: 6542869
C3: SPC TURBITT, CODY | D3: 3 | E3: W011050 | H3: 254-002135 | K3: 766546/076556 | P3: 445661 | R3: 6517939
C4: SGT CANIDA, CODY | D4: 4 | E4: W011072 | K4: 518629 | P4: 443052 | R4: 74106814
C5: SSG PEREZ, JUAN | D5: 5 | E5: W011097 | K5: 766534/076850 | Q5: 00056091 | R5: 6541701
C6: SPC BEASLEY, WADE | D6: 6 | E6: W011609 | K6: 518610 | P6: 239339 | R6: 6518627
C7: CPL JACKSON, KHALIB | D7: 7 | E7: W011612 | F7: 1323516 | M7: 278678W | Q7: 00056399 | R7: A3281
C8: CPL HOLLIS, SCOTT | D8: 8 | E8: W011613 | K8: 766525/077896 | P8: 239353 | R8: 6543961
C9: PFC BERMUDEZ, PETER | D9: 9 | E9: W011619 | J9: W2108897 | P9: 239399 | R9: 585
C10: SGT GIBSON, JAMES | D10: 10 | E10: W011683 | F10: 1196962 | K10: 525138 | P10: 439351 | R10: 6517929
C11: PFC GILLIARD, BRYSON | D11: 11 | E11: W689754 | K11: 518611 | P11: 398407 | R11: 6518157
C12: SPC STROEVE, ETHAN | D12: 12 | E12: W011689 | F12: 1495041 | K12: 518624 | Q12: 00041907 | R12: 6542866
C13: PFC CORREA, JUSTIN | D13: 14 | E13: W011699 | K13: 518628 | P13: 260892 | R13: 74106803
C14: PFC HAIRSTON, JUSTIN | D14: 15 | E14: W011753 | K14: 524557 | P14: 260894 | S14: 4072
C15: PFC NEWCOMB, JOSEPH | D15: 16 | E15: W011755 | K15: 552649 | P15: 260900 | R15: 6518409
C16: SGT BARNES, TYLER | D16: 17 | E16: W011764 | K16: 524639 | P16: 260897 | R16: 6543972
C17: SPC WRIGHT, JACOB | D17: 18 | E17: W011784 | H17: 254-002157 | K17: 766536/077723 | P17: 260898 | R17: 6517961
C18: SPC REACH, JACOB | D18: 19 | E18: W011822 | F18: 1495284 | K18: 525136 | P18: 260899 | R18: 6542858
C19: SPC HOMAN, GAVIN | D19: 20 | E19: W011891 | K19: 525143 | P19: 239310 | R19: 6517951
C20: SGT BARR, PATRICK | D20: 21 | E20: W011892 | K20: 533324 | P20: 261032 | R20: 6517903
C21: PFC FISCHL, RILEY | D21: 22 | E21: W011899 | K21: 518625 | P21: 261040 | R21: 6543973
C22: SPC CRAIG, CHARLES | D22: 23 | E22: W011907 | K22: 552643 | P22: 261041 | R22: 6542874
C23: SGT LANDRUM, CHRISTOPHER | D23: 24 | E23: W011921 | F23: 1196959 | M23: 286506W | P23: 443186 | R23: 6542855
C24: SPC BANCROFT, GRANGER | D24: 25 | E24: W012087 | H24: 254-002140 | K24: 525145 | P24: 261048 | R24: 74106860
C25: SGT SPENCER, PHILIP | D25: 26 | E25: W012101 | K25: 584627 | P25: 261046 | R25: 6518489
C26: PFC JOSKOWITZ, ETHAN | D26: 27 | E26: W012104 | K26: 652036 | P26: 239026 | R26: 6518623
C27: SGT LAIRD, TY | D27: 28 | E27: W012112 | K27: 525147 | P27: 261049 | S27: 4192
C28: PFC HOWARD, CAMERON | D28: 29 | E28: W012116 | K28: 584649 | P28: 261086 | R28: 6543967
C29: SGT CLINE, BENJAMIN | D29: 30 | E29: W012131 | F29: 1196972 | K29: 525164 | P29: 261517 | R29: 6533513
C30: SFC O’SHIELDS, JEREMY | D30: 31 | E30: W012135 | K30: 766535/076851 | P30: 395410 | R30: 74106855
C31: 1LT BRYANT, CODY | D31: 32 | E31: W012146 | L31: A0488953 | P31: 278443 | R31: 5045
C32: SSG FOUNTAIN, RYAN | D32: 33 | E32: W012167 | K32: 766554/077808 | P32: 261722 | R32: 6542865
C33: PV2 RUPPAL, HUNTER | D33: 34 | E33: W012186 | J33: W2490408 | P33: 439303 | R33: 74106843
C34: PFC ATKINSON, PRESCOTT | D34: 35 | E34: W012208 | J34: W2488301 | P34: 261784 | R34: 74106841
C35: PFC WALL, JOSEPH | D35: 36 | E35: W012224 | J35: W2490411 | P35: 261793 | R35: 74106820
C36: PFC AVALOS, JACOB | D36: 37 | E36: W012232 | J36: W2488308 | P36: 261795 | R36: 6541109
C37: SPC THOMPSON, JOSEPH | D37: 38 | E37: W012237 | J37: W2487338 | N37: 873916 | P37: 261896 | R37: 74106807
C38: SPC PAYNE, ERRIN | D38: 39 | E38: W012267 | J38: W2490399 | P38: 278310 | R38: 74106846
C39: SGT ALLEN, AUSTIN | D39: 40 | E39: W012286 | J39: W2488319 | O39: 704028 | P39: 278313 | R39: 6507750
C40: SGT BATISTO, ANGELITO | D40: 41 | E40: W012293 | J40: W2490407 | P40: 278315 | R40: 6517922
C41: SPC LITTLE, TERRANCE | D41: 42 | E41: W012295 | J41: 624777 | P41: 278316 | R41: 6542867
C42: SGT SIMPSON, JACOB | D42: 43 | E42: W012296 | J42: W2527417 | O42: 703997 | P42: 278317 | R42: 6543981
C43: PFC GIMNICH, AUSTIN | D43: 44 | E43: W012297 | J43: W2488310 | P43: 278318 | R43: 6542860
C44: PFC GIMNICH, AUSTIN | D44: 44 | G44: U110589 | I44: ELC-09-73251 | P44: 443103
C45: PFC MOORE, EAMON | D45: 45 | E45: W012300 | J45: W2527424 | P45: 261719 | R45: 6543982
C46: PV2 CASSELL, JEREMY | D46: 46 | E46: W012321 | J46: W2527439 | P46: 278386 | R46: 6517946
C47: SGT POWELL, CHRISTIAN | D47: 47 | E47: W012324 | J47: K2359022 | P47: 278388 | R47: 6517967
C48: SGT BRADY, CHRISTOPHER | D48: 48 | E48: W012353 | J48: W2488299 | O48: 704054 | Q48: 00041716 | R48: 74106854
C49: PFC MCCORMICK, LOGAN | D49: 49 | E49: W012389 | J49: W2527447 | P49: 278399 | R49: 6542853
C50: SSG VELASQUEZ, GERARDO | D50: 50 | E50: W012394 | J50: 1013265 | P50: 439482 | R50: 6507759
C51: SPC DALEY, NICKLAUS | D51: 51 | E51: W012407 | J51: W2488311 | P51: 278441 | R51: 612
C52: PV2 CHURCHMAN, CASON | D52: 52 | E52: W012452 | J52: W2530105 | P52: 278442 | R52: 74106859
C53: SPC PARRY, JAMES | D53: 53 | E53: W012468 | J53: W2488307 | P53: 439353 | R53: 6550542
C54: SPC PARRY, JAMES | D54: 53 | G54: U110580 | I54: ELC-05-42128 | P54: 439037
C55: SPC TROSCH, GARRET | D55: 54 | E55: W012472 | J55: W2488300 | P55: 278444 | R55: 74106845
C56: SFC JIMENEZ, CHRISTOPHER | D56: 55 | E56: W012520 | F56: 1147534 | K56: 518609 | P56: 278391 | R56: 6542870
C57: 1LT ZENGER, ERIC | D57: 56 | E57: W012508 | L57: A0488873 | P57: 278446 | R57: 6517960
C58: CPT MATTHEWS, DAVID | D58: 57 | E58: W012924 | F58: 1096219 | K58: 043591 | P58: 395397 | R58: 6518486
C59: SPC CONDON, PATRICK | D59: 58 | E59: W012938 | J59: 165819 | P59: 395401 | R59: 584
C60: SGT MCJIMSON, GENERAL | D60: 59 | E60: W013230 | J60: W2108895 | P60: 278445 | R60: 6541918
C61: PFC SMITHERS, MICHAEL | D61: 60 | E61: W013260 | J61: W2527376 | P61: 395402 | R61: 6541745
C62: PFC ROBERTS, ROMARIO | D62: 61 | E62: W038096 | J62: 983748 | P62: 395403 | R62: 74106798
C63: CPT KAICHER, JONATHAN | D63: 63 | E63: W039489 | J63: 165839 | P63: 395406 | R63: 6541875
C64: PFC DOYLE, TRISTON | D64: 64 | E64: W039509 | J64: W2487347 | P64: 395407 | R64: 6518625
C65: SFC MARSH, WILLIAM | D65: 66 | E65: W039593 | J65: 146930 | P65: 239315 | R65: 6526515
C66: CPT LAWSON, WILLIAM | D66: 69 | E66: W039882 | J66: W2108215 | Q66: 00041689 | R66: 6543908
C67: PFC HUGHES, HANNA | D67: 70 | E67: W040007 | J67: W2108226 | P67: 395413 | R67: 6550460
C68: PFC SHELTON, NICHOLAS | D68: 71 | E68: W040015 | J68: W2487325 | P68: 395414 | R68: 74106801
C69: 2LT MOUGHAN, SEAN | D69: 72 | E69: W040167 | J69: 982966 | P69: 395412 | R69: 74104548
C70: SGT DAVIS, DENZEL | D70: 73 | E70: W040168 | J70: 1013254 | P70: 439517 | R70: 6533514
C71: 1LT CICO, LORENZO | D71: 75 | E71: W044044 | J71: K2056315 | P71: 395450 | R71: 6543979
C72: LTC HALLOWS, CHRISTOPHER | D72: 76 | E72: W044045 | F72: 1051200 | K72: 552641 | P72: 395451 | R72: 6518491
C73: CSM HUYNH, THINH | D73: 77 | E73: W044298 | F73: 1052355 | K73: 584641 | P73: 397605 | R73: 6507729
C74: MAJ AMMONS, BARRY | D74: 78 | E74: W044312 | F74: 1063588 | J74: W2488317 | P74: 398357 | R74: 6518493
C75: MAJ ROBINSON, ANDREW | D75: 79 | E75: W047661 | F75: 1063650 | K75: 525136 | P75: 398427 | R75: 6550567
C76: SGM MENDEZ, JOEY | D76: 80 | E76: W047662 | F76: 1063997 | J76: W2490398 | P76: 398505 | R76: 6518440
C77: SGT FRITTS, JOSHUA | D77: 81 | E77: W047680 | J77: W2490397 | P77: 398506 | R77: 74106804
C78: SGT FRITTS, JOSHUA | D78: 81 | G78: U109455 | I78: ELC-05-58074 | P78: 443161
C79: 1LT BAUMEISTER, JACOB | D79: 82 | E79: W047693 | F79: 1047377 | J79: W2490396 | P79: 398508 | R79: 6543957
C80: CPT BUECHELE, JAMES | D80: 83 | E80: W047696 | J80: W2488318 | P80: 398510 | R80: 6517909
C81: SPC BOGER, SEAN | D81: 84 | E81: W047725 | J81: W2490392 | P81: 438573 | R81: 54621407
C82: SPC BOGER, SEAN | D82: 84 | G82: U102990 | I82: ELC-05-57453 | Q82: 00056027
C83: SSG MEROLA, ZACHARY | D83: 85 | E83: W047741 | L83: A0514275 | P83: 395411 | R83: 6541048
C84: SGT MAIER, RYAN | D84: 87 | E84: W047759 | J84: W2488302 | Q84: 00056426 | R84: 606
C85: SSG MAYS, HS | D85: 88 | E85: W047760 | J85: W2488298 | P85: 239471 | R85: 3288
C86: 2LT SWISTARA, RICHARD | D86: 89 | E86: W047773 | J86: 552069 | Q86: 00056441 | R86: 74106838
C87: 1LT SELIG, CHRISTOPHER | D87: 91 | E87: W047793 | J87: 1013229 | P87: 439433 | R87: 6550803
C88: 1LT RODINO, ALEXANDER | D88: 92 | E88: W047794 | J88: 1013232 | Q88: 00056497 | R88: 6517920
C89: 1LT RODRIGUEZ, JAVIER | D89: 93 | E89: W047800 | J89: 1013239 | P89: 439471 | R89: 6543975
C90: 1LT DATER, JACOB | D90: 94 | E90: W047803 | J90: 1013249 | P90: 439498 | R90: 6517958
C91: SSG DAVIS, MATTHEW | D91: 96 | E91: W047812 | J91: W2488313 | Q91: 00042142 | R91: 6517927
C92: SSG GAUSE, EMMETT | D92: 97 | E92: W047818 | J92: W2128095 | P92: 440369 | R92: 54621334
C93: PFC GALLIK, CHRISTOPHER | D93: 98 | E93: W047823 | J93: 1013266 | P93: 442112 | R93: 6517911
C94: PFC JACKSON, MARQUISE | D94: 99 | E94: W047828 | J94: W2067513 | P94: 260893 | R94: 6542862
C95: SGT SMITH, DANTE | D95: 101 | E95: W047830 | J95: K2359030 | P95: 443018 | R95: 6543962
C96: PFC COASEY, DEMETRIS | D96: 102 | E96: W047842 | J96: W2487349 | P96: 443045 | R96: 6542854
C97: CPT SCOTT, HANNAH | D97: 103 | E97: W678379 | J97: W2488297 | Q97: 00041684 | R97: 6543974
C98: PV2 ANTHONY, PHIL | D98: 104 | E98: W047862 | J98: W2129801 | Q98: 00056422 | R98: 6518488
C99: SPC JENKINS, DARYNE | D99: 105 | E99: W047882 | J99: W2487339 | Q99: 00049945 | R99: 6507753
C100: 1LT FINN, JACOB | D100: 106 | E100: W047902 | J100: 159489 | Q100: 00056086 | R100: 6543517
...

Sheet Rhino Mount Shortage
B1: RHINO MOUNTS NEEDED | D1: REMAINING | E1: 21
A2: HQ
A3: CMD | B3: 2
A4: SCT
A5: MRT | B5: 2
A6: MED
A7: S1 | B7: 3
A8: S2
A9: S3 | B9: 8
A10: S4 | B10: 4
A11: S6 | B11: 4
A12: TOTAL | B12: =SUM(B2:B11) -> 23

Sheet MAL KEY
A3: GENERIC NOMENCLATURE | B3: LIN | C3: SUB | D3: NSN NOMENCLATURE | E3: WHAT JOE CALLS IT | F3: NSN | G3: COST | H3: TOTAL | I3: OH
A4: [PFED] | C4: C05011 | D4: COMPUTER SYSTEM, DIG | E4: PFED | F4: 7010015389663 | G4: 3442 | H4: 13768 | I4: 4
A5: AIMING CIRCLE | B5: A22496 | D5: AIMING CIRCLE M2A2 | E5: M2A2 | F5: 6675010670687 | G5: 13896 | H5: 55584 | I5: 4
A6: BATTLEFIELD ANTI-INTRUSION SYS: AN/PRS-9 | B6: B57077 | D6: BATTLEFIELD ANTI-IN | E6: BIAS | F6: 6350015932817 | G6: 90 | H6: 1350 | I6: 15
A7: BAYONET MULTIPUROSE SYSTEM: XM9 | B7: B49004 | D7: BAYONET MULTI SYS M9 | E7: BAYONET (M9) | F7: 1095012271739 | G7: 10000 | H7: 30000 | I7: 3
A8: BINOCULAR: M24 | B8: B67839 | D8: BINO W/O RET M24 | E8: M24 | F8: 1240014123128 | G8: 138 | H8: 1380 | I8: 10
A9: BINOCULAR: M24 | B9: B67839 | D9: M24 BINOCULAR | E9: M24 | F9: 1240014993547 | G9: 3725 | H9: 7450 | I9: 2
A10: BINOCULAR: M25 | B10: B67907 | D10: BINO M25 | E10: M25 | F10: 1240014107418 | G10: 58 | H10: 10788 | I10: 186
A11: BOINO: MOD CONSTR. MIL SCALE RET 7X50 | B11: B67766 | D11: BINO MOD CON M22 | E11: M22 | F11: 1240012075787 | G11: 32640 | H11: 97920 | I11: 3
A12: BOINO: MOD CONSTR. MIL SCALE RET 7X50 | B12: B67766 | D12: BINO MOD CON M22 | E12: M22 | F12: 1240013611318 | G12: 635 | H12: 635 | I12: 1
A13: BORESIGHTING EQUIP WPN: SMALL ARMS M30 | B13: B60351 | D13: BORESIGHT EQUIP M30 | E13: BORESIGHT | F13: 5860013947781 | G13: 342 | H13: 7524 | I13: 22
A14: COLLIMATOR, BORESIGHT | B14: FA5506 | D14: COLLIMATOR BORESIGH-(SU-93A) | E14: BORESIGHT | F14: 5855011096433 | G14: SAME | H14: 8550 | I14: 25
A15: COMMAND LAUNCH UNIT: (JAVELIN) | B15: C60750 | D15: COMMAND LAUNCH UNIT | E15: CLU | F15: 1430015328900 | G15: 290 | H15: 1740 | I15: 6
A16: COMPUTER SET BALLISTICS: MORTAR M23 | B16: C60294 | D16: COMPUTER SET BALLIS | E16: M23 | F16: 1220011196049 | G16: 355 | H16: 4260 | I16: 12
A17: COMPUTER SYSTEM DIGITAL: AN/PSG-10 (V) | B17: C05011 | D17: COMPUTER SYSTEM, DIG | E17: PFED | F17: 7010014919156 | G17: 6120 | H17: 24480 | I17: 4
A18: COMPUTER, PERSONAL WORKSTATION | B18: 70209N | D18: COMPUTER, DIGITAL -(LHMBC, M32) | E18: LHMBC | F18: 7021015553403 | G18: 28694 | H18: 114776 | I18: 4
A19: COMTER SYS DIG: AN/PSG-14(V)1 LFED | B19: C04819 | D19: COPTR SY DIG: AN/PSG | E19: LFED | F19: 7010015608481 | G19: 31161 | H19: 249288 | I19: 8
A20: CONVERSION KIT | B20: ZA0507 | D20: CONVERSION KIT: 5305655 GENERAL DYNAMICS | F20: 100501C055967 | G20: 8114 | H20: 121710 | I20: 15
B21: ZA0507 | F21: 1005991322615 | G21: 9000 | H21: 45000 | I21: 5
A22: DEMOLITION SET EXPLOSIVE: INIATING … | B22: F91490 | D22: DEMO SET EXPLO ELEC | E22: DEMO | F22: 1375000473750 | G22: 133063 | H22: 798378 | I22: 6
A23: ELECTRONIC TEST SET SET: TS-4348/UV | B23: E03826 | D23: TEST SET TS-4348/UV | E23: TEST SET | F23: 6625013239584 | G23: 645 | H23: 2480 | I23: 4
A24: FLASHLIGHT | B24: FE3077 | D24: FLASHLIGHT: WPN MT M952 KIT01 SUREFIRE | E24: TAC-LIGHT | F24: 623001F003915 | G24: 1900 | H24: 1900 | I24: 1
B25: ZA9568 | C25: 94117N | D25: HOLSTER, PISTOL [ACU] | E25: ACU HOLSTER | F25: 1095015411514 | G25: 25000 | H25: 25000 | I25: 1
A26: HVY. WPN. THERMAL SIGHT: AN/PAS-13(V)3 | B26: S90603 | D26: SI THE AN/PAS-13B(V)3 | F26: 5855014643151 | G26: 4829 | H26: 19316 | I26: 4
B27: S90603 | D27: SI THE AN/PAS-13C(V)3 | F27: 5855015237715 | G27: 18672 | H27: 18672 | I27: 1
B28: S90603 | D28: SI THE AN/PAS-13D(V)3 | F28: 5855015244314 | G28: 8698 | H28: 17396 | I28: 2
A29: ILLUMIN. INTEGRATED: S. ARMS STORM MLRF | B29: J68653 | D29: ILL INT SMALL ARM MLRF | F29: 5855015351905 | G29: 1421 | H29: 7105 | I29: 5
A30: ILLUMINATOR INTEGRATED: SM. ARMS STORM MLRF | B30: J68653 | D30: ILLUMINATOR INTEGRATE | F30: 5855015775946 | G30: 72 | H30: 7776 | I30: 108
A31: ILLUMINATOR, INFRARED | B31: FA5554 | D31: ILLUMINATOR: D424-100 IZLID | E31: IZLID | F31: 585501C057659 | G31: 258 | H31: 15222 | I31: 59
B32: FA5554 | D32: ILLUMINATOR, INFRARED-(M646) | E32: RAPTOR | F32: 5855014652170 | G32: 298080 | H32: 298080 | I32: 1
B33: JO3261 | D33: ILLUMINATOR INTEGRA | F33: 5855015356166 | G33: 529 | H33: 5819 | I33: 11
B34: JO3261 | D34: ILLUMIN INFRARED | F34: 5855015345931 | G34: 6539 | H34: 65390 | I34: 10
A35: INTERFACE UNIT COMM EQPMT | B35: FA9527 | D35: INTERFACE UNIT, DATA [LHMBC COMPONENT] | E35: LHMBC POCKET PC | F35: 5895015216922 | G35: 884 | H35: 83096 | I35: 94
A36: LASER POINTER | B36: WB204V | F36: 752001C075571 | G36: 895 | H36: 28640 | I36: 32
A37: LAUNCHER: GRENADE | B37: L69012 | C37: L69080 | D37: LAUNCHER, GRENADE [320] | E37: 320 | F37: 1010015572542 | G37: 15971 | H37: 47913 | I37: 3
A38: LIGHT TACTICAL | B38: FE404E | D38: LIGHT TACTICAL…SUREFIRE | E38: TAC-LIGHT | F38: 624001C064018 | G38: 3500 | H38: 28000 | I38: 8
A39: LIGHTING KIT: MOTION DETECTOR (LKMD) AN/GAR-2 | B39: L02015 | D39: LIGHTING KIT MOTION | F39: 6210015376769 | G39: 3413 | H39: 51195 | I39: 15
A40: MACH GUN GRENADE 40MM: MK19 MOD III | B40: M92362 | D40: MACH GUN 40MM: MK19 | F40: 1010014909697 | G40: 121855 | H40: 487420 | I40: 4
A41: MACHINE GUN: CALIBER 50 | B41: M39331 | D41: MACHINE GUN CALIBER | E41: .50cal | F41: 1005015111250 | G41: 550 | I41: 20
A42: MED. WPN. THERMAL SIGHT: AN/PAS-13(V)2 | B42: S90535 | D42: SI THE AN/PAS-13B(V)2 | F42: 5855014643152 | G42: 1738 | H42: 1738 | I42: 1
C43: S60356 | D43: SI THE AN/PAS-13B(V)1 | F43: 5855014643150 | G43: 1738 | H43: 1738 | I43: 1
A44: MINI EYESAFE LASER INFR OBSVR SET | B44: M74849 | D44: MELIOS LASER AN/PVS-6 | E44: MELIOS | F44: 5860013508551 | G44: 8493 | H44: 25317 | I44: 3
A45: MINIATURE THERMAL SCOPE ASSY | B45: FA5547 | D45: VIEWER, INFRARED | E45: MINI THERMAL | F45: 5855015387994 | G45: 833 | H45: 9996 | I45: 12
A46: MONOCULAR NIGHT VISION DEVICE AN/PVS-14 | B46: M79678 | D46: MONO NI VIS AN/PVS-14 | F46: 5855014320524 | G46: 99813 | H46: 299439 | I46: 3
A47: MORTAR 120 MM | B47: M68405 | D47: MORTAR 120 MM TOWED | F47: 1015012261672 | G47: 1738 | H47: 3476 | I47: 2
A48: MORTAR 81 MM M252 | B48: M02114 | D48: MORTAR 81MM SYS | E48: 81mm | F48: 1015011646651 | G48: 9216 | H48: 101376 | I48: 11
A49: MORTAR:120 MM TOWED | B49: M68326 | C49: M68405 | D49: MORTAR 120 MM TOWED | E49: 120mm | F49: 1015012261672 | G49: 757 | H49: 3028
A50: MOUNT MACHINE GUN: 40MM MK93 | B50: M12647 | D50: MT MAC GUN 40MM MK 93 | F50: 1010013832757 | G50: 512 | H50: 3584
A51: MOUNT MACHINE GUN: 40MM MK93 | B51: M12647 | D51: MT MG 40MM MK93 MOD2 | F51: 1010015027547 | G51: 3607 | H51: 151494 | I51: 42
B52: M74823 | C52: M12647 | D52: MT MAC GUN 40MM MK93 | F52: 1010013832757 | G52: 15320 | H52: 15320 | I52: 1
A53: MOUNT TRI. MACHINE GUN: HEAVY CALIBER 50 | B53: M75577 | D53: MT TPD MG CAL .50 M3 | F53: 1005003229716 | G53: 2012 | H53: 2012 | I53: 1
A54: MOUNT TRIPOD MAC GUN 7.62MM | B54: M60256 | D54: MT MACH GUN M192 | F54: 1005015030141 | G54: 3578 | H54: 21468 | I54: 6
A55: MOUNT TRIPOD MACHINEGUN: M122A1 | B55: M75964 | D55: MTTPD MG M122A1 | F55: 1005014331617 | G55: 2748 | H55: 214344 | I55: 78
A56: MOUNT: MACHINE GUN M197 | B56: M11071 | D56: MT MACH GUN M197 | F56: 1005014134098 | G56: 3607 | H56: 331844 | I56: 92
A57: N/PVS-30 | B57: LO5003 | D57: TARGET LOCATOR MODU | F57: 1240015628084 | G57: 2832 | H57: 2832 | I57: 1
A58: NAV. SET SAT. SIGNAL AN/PSN-13 | B58: N96248 | D58: NAV SET SAT AN/PSN-13 | F58: 5825015168038 | G58: 3572 | H58: 303620 | I58: 85
A59: NAV. SET SAT. SIGNAL AN/PSN-13 | B59: N96248 | D59: NAV SET SAT AN/PSN-13(A) | F59: 5825015264783 | G59: 497 | H59: 16898 | I59: 34
A60: NIGHT VISION DEVIC: AN/PSQ-20 | B60: N07848 | D60: NIGHT VISION DEVICE | F60: 5855015346449 | G60: 7500 | H60: 45000 | I60: 6
A61: NIGHT VISION GOGGLE: AN/PVS-7B | B61: N05482 | D61: NIGHT VIS G AN/PVS-7B | E61: PVS-7B | F61: 5855012280937 | G61: 8500 | H61: 25500 | I61: 3
B62: N05482 | D62: NIGHT VIS AN/PVS-7D | F62: 5855014225413 | G62: 300000 | H62: 1800000 | I62: 6
C63: M79678 | D63: MONO NI VIS AN/PVS-14 | F63: 5855014320524 | G63: 449 | H63: 11225 | I63: 25
A64: PISTOL & REVOLVER, AMERICAN NON-STANDARD WPN | B64: ZA0502 | D64: PISTOL, CALIBER .45 | F64: 1005007265655 | G64: 1329 | H64: 261813 | I64: 197
A65: PISTOL 9MM AUTOMATIC: M9 | B65: P98152 | D65: PISTOL 9MM AUTOMATIC | F65: 1005011182640 | G65: 449 | H65: 449 | I65: 1
A66: RAIL KIT | B66: ZA0592 | D66: ADAPTER RAIL, WPN | F66: 1005014523527 | G66: 1790 | H66: 3580 | I66: 2
A67: RANGE FINDER-TARGET DESIGNATOR: LASER AN/PED-1 | B67: R60282 | D67: RAN FI TA DL AN/PED-1 | F67: 1240014551791 | G67: 1199 | H67: 22781 | I67: 19
A68: RIFLE 5.56 MM: M16A2 | B68: R95035 | D68: RIFLE 5.56MM M16A2 | E68: M16 | F68: 1005011289936 | G68: 282 | H68: 40326 | I68: 143
A69: RIFLE 5.56 MM: M4 | B69: R97234 | D69: RIFLE 5.56 MM: M4 | E69: M4 | F69: 1005012310973 | G69: 282 | H69: 8742 | I69: 31
A70: RIFLE 5.56 MM: M4 | C70: R95035 | D70: RIFLE 5.56MM M16A2 | F70: 1005011289936 | G70: 377 | H70: 17342 | I70: 46
A71: RIFLE SNIPER .50 CALIBER: M107 | B71: R45351 | D71: RIFLE SNIPER M107 | F71: 1005014692133 | G71: 1199 | H71: 83930 | I71: 70
B72: ZA0513 | D72: RIFLE SNIPER [XM2010] | E72: XM2010 | F72: 1005015882913 | G72: ? | I72: ?
A73: RIFLE SNIPER: M110 | B73: R45601 | D73: RIFLE SNIPER M110 | F73: 1005015342841 | G73: 7939 | H73: 23817 | I73: 3
A74: RIFLE, 7.62 MM | B74: ZA0517 | D74: RIFLE, 7.62 MM: M14 EBR-RI TACOM-RI | E74: EBR | F74: 100501D170487 | G74: 8000 | H74: 144000 | I74: 18
A75: SHIPPING/FREIGHT CONTAINERS | B75: WE5000 | D75: TRICON, FREIGHT, GENE | F75: 8150015272506 | G75: 5650 | H75: 16950 | I75: 3
A76: SHOTGUN , 12 GAGE | B76: ZA0536 | D76: SHOTGUN, 12 GAGE: M4 BENELLI | F76: 100501D170432 | G76: 100000 | H76: 100000 | I76: 1
A77: SHOTGUN 12 GAUGE RIOT TYPE: 20 IN. BARREL | B77: T39223 | D77: SHOTGUN 12GAGE M500 | F77: 1005012951832 | G77: 9546 | H77: 28638 | I77: 3
B78: T45593 | D78: SIGHT BORE OPT M45A1 | F78: 1240001523512 | G78: 17591 | H78: 35182 | I78: 2
A79: SIGHT BORE OPTICAL: M150 | B79: S45729 | D79: SIGHT BORE OPT M150 [ACOG] | F79: 1240015571897 | G79: 12512 | H79: 125120 | I79: 10
B80: ZA1094 | D80: SIGHT, GRENADE LAUNC-(AN/PSQ-18A(M203)) | F80: 1010015160953 | G80: 19306 | H80: 231672 | I80: 12
A81: SIGHT NIGHT VISION (SNS): AN/PVS-30 | B81: S60342 | D81: ? | F81: ? | G81: 10508 | H81: 42032 | I81: 4
A82: SIGHT NIGHT VISION (SNS): AN/PVS-30 | C82: FA5573 | D82: SIGHT, NIGHT VISIONS-(AN/PVS-26) | F82: 5855015388121 | G82: 11999 | H82: 35997 | I82: 3
A83: SIGHT NIGHT VISION: AN/PVS-30 [XM2010 BII] | B83: S60342 | D83: SIGHT NI VI AN/PVS-10 | F83: 5855015679243 | G83: 235 | H83: 1880 | I83: 8
A84: SIGHT, HOLOGRAPHIC | B84: GA405T | D84: SIGHT, HOLOGRAPHIC-(EOTECH 552.) | E84: EOTECH | F84: 1240014925264 | G84: 759 | H84: 3036 | I84: 4
A85: SIGHT: NIGHT VISION SNIPERSCOPE AN/PVS-10 | B85: S90433 | D85: SIGHT NI VI AN/PVS-10 | F85: 5855014108979 | G85: 669 | H85: 4683 | I85: 7+
A86: SIGHT: REFLEX COLLIMATOR | B86: S60288 | D86: SIGHT REFLEX | F86: 1240015403690 | G86: 2187 | H86: 6561 | I86: 3+
A87: SIGHT: REFLEX COLLIMATOR | B87: S60288 | D87: SIGHT REFLEX COLLIM | F87: 1240014111265 | G87: 968 | H87: 2904 | I87: 3
A88: SIGHT: REFLEX COLLIMATOR | B88: S60288 | D88: SIGHT REFLEX COLLIMA | F88: 1240015766134 | G88: 5386 | H88: 10772 | I88: 2+
C89: S45729 | D89: SIGHT BORE OPT M150 [ACOG] | F89: 1240015571897 | G89: 58 | H89: 58 | I89: 1
A90: SIGHT: THERMAL AN/PAS-13B(V)1 | C90: NO4732 | D90: NI VI AN/PVS-4 W/IMG | F90: 5855006295334 | G90: 360 | H90: 27000 | I90: 75
A91: SIGHT: THERMAL AN/PAS-13B(V)1 | B91: S60356 | D91: SI THE AN/PAS-13D(V)1 | F91: 5855015244308 | G91: 182 | H91: 9282 | I91: 51
A92: SM. UNMAND. AIRCRAFT SYS.: RAVEN B | B92: S83835 | D92: DRONE AIRCRAFT | F92: 1550015389256 | G92: 150 | H92: 150 | I92: 1
A93: SPOTTING INSTRUMENT: OPTICAL | B93: S08669 | D93: SPOTTING INSTRMNT OPT | F93: 6650015495838 | G93: 68 | H93: 14008 | I93: 206
B94: GA404J | D94: TARGET LOCATOR MODU-(AN/PSD-1A) [LLDR ACU] | E94: LLDR | F94: 1240015965050 | G94: 1140 | H94: 25080 | I94: 22
B95: T60185 | D95: TELESCOPE M145 | F95: 1240014116350 | G95: 14537 | H95: 29074 | I95: 2
A96: TELESCOPE: STRAIGHT M144 | B96: T60253 | D96: TELESCOP STRAIG M144 | F96: 1240013862771 | G96: 120868 | H96: 3142568 | I96: 26
A97: TOOL KIT SMALL ARMS | B97: MC802Z | D97: TOOL KIT, REPAIRMAN | F97: 5180003577770 | G97: 99813 | H97: 99813 | I97: 1
A98: TRANSMITTER LASER | B98: GA658C | D98: TRANSMITTER, LASER-(523P-M) | F98: 1265015585814 | G98: 18500 | H98: 92500 | I98: 5
A99: UNATTENDED GROUND SENSOR SYSTEM | B99: FA102R | D99: UNATTENDED GROUND SENSOR SYSTEM: E-UGS | E99: EUGS | F99: 581001C144926 | G99: 10935 | H99: 32805 | I99: 3
I100: TOTAL:

Sheet NON-AA&E
A2: NON AA&E
A3: IDENTIFIER | B3: ITEM | C3: DESCRIPTION | D3: LIN | E3: HAND RECEIPT | F3: UL | G3: SII | H3: PB | I3: NSN | J3: QTY | N3: $$ea | O3: total
B4: M3 TRIPOD | C4: .50 CAL/MK19 TRIPOD | D4: M75577 | E4: MT TPD MG CAL .50 M3 | F4: 6,7 | H4: 19 | I4: 1005003229716 | J4: 4 | N4: 757 | O4: 3028
B5: BUSHNELL ELITE 1500 | C5: 320 RANGE FINDER | D5: L69012 | E5: M320A1 BII | F5: NA | G5: NA | I5: N/A | J5: 15
B6: DAGRS (V1) | C6: GPS | D6: N96248 | E6: NAV SET SAT AN/PSN-13 | F6: P.9 | G6: P.13 | I6: 5825015168038 | J6: 1
B7: DAGRS (V2) | C7: GPS | D7: N96248 | E7: NAVIGATION SET, SATE | F7: P.9 | G7: P.14 | I7: 5825015264783 | J7: 83
B8: DATA INTERFACE (LHMBC) | C8: INTERFACE UNIT | D8: FA9527 | E8: INTERFACE UNIT, DATA | F8: P.3 | G8: NA | I8: 5895015216922 | J8: 4
B9: DEMO SET | C9: DEMO SET: EXPLOSIVE | D9: F91490 | E9: DEMO SET EXPLO ELEC | F9: P.2 | G9: NA | I9: 1375000473750 | J9: 1
B10: GPA-1 | C10: LASER POINTER | D10: WB204V | E10: LASER POINTER: 736-GCP-1A NVEC | F10: P.17 | G10: NA | I10: 752001C075571 | J10: 3
B11: LATITUDE | D630 | C11: ARMS ROOM LAPTOP | D11: N/A | E11: LATITUDE | D630 | F11: NA | G11: NA | I11: N/A | J11: 1
B12: LIGHT TACTICAL | C12: FLASHLIGHT: TACTICAL | D12: FE3077 | E12: FLASHLIGHT: WEAPONS MOUNTED M952 KIT01 SUREFIRE | F12: P.3 | G12: NA | I12: 623001F003915 | J12: 108
B13: LIGHT TACTICAL | C13: FLASHLIGHT: TACTICAL | D13: FE404E | E13: LIGHT TACTICAL: 0BJZ8M951XM07 SUREFIRE | F13: P.3 | G13: NA | I13: 624001C064018 | J13: 59
B14: 249 TRIPOD | C14: TRIPOD: 249 | D14: M75964 | E14: MT TPD MG M122A1 | F14: 7 | G14: 8 | H14: 19 | I14: 1005014331617 | J14: 7 | N14: 512 | O14: 3584
B15: M23 | C15: COMPUTER (MTR) | D15: C60294 | E15: COMPUTER SET BALLIS | F15: P.2 | G15: NA | I15: 1220011196049 | J15: 5
B16: 249/240 TRIPOD | C16: TRIPOD: 249/240 | D16: M60256 | E16: MT MACH GUN M192 | F16: 6 | G16: 8 | H16: 19 | I16: 1005015030141 | J16: 12 | N16: 833 | O16: 9996
B17: M25 | C17: BINOCULAR | D17: B67907 | E17: BINOCULAR M25 | F17: P.2 | G17: NA | I17: 1240014107418 | J17: 4
B18: ACOG | C18: WPN MOUNTED SIGHT | D18: S45729 | E18: SIGHT BORE OPT M150 | F18: 14, 15 | G18: 23,24 | H18: 29,30 | I18: 1240015571897 | J18: 66 | N18: 1200 | O18: 84000
B19: PAS-13A (V2) | C19: **********PAS-13B V2********** | D19: S90535 | E19: SI THE AN/PAS-13A (V) 2 | F19: P.16 | G19: P.28 | I19: 5855014580210 | J19: 12
B20: PAS-13A (V3) | C20: ********** PAS-13B V3********* | D20: S90603 | E20: SI THE AN/PAS-13A (V) 3 | F20: P.16 | G20: P.28 | I20: 5855014580211 | J20: 2
B21: PEQ-15 (V1) | C21: GRAY | D21: J03261 | E21: ILLUMINATOR INTEGRA | F21: P.5 | G21: NA | I21: 5855015356166 | J21: 32
B22: PNEGL | C22: 320 LASER DESIGNATOR | D22: L69012 | E22: M320A1 BII | F22: NA | G22: NA | I22: N/A | J22: 15
B23: PSG-10V (PFED) | C23: COMPUTER SYSTEM | D23: Z00058 | E23: COMPUTER SYSTEM, DIG- (AN/PSG-10V) | F23: P.17 | G23: NA | I23: 7010014919156 | J23: 8
B24: PSG-11 (V1) | C24: COMPUTER SYSTEM (FST) | D24: D10788 | E24: COM SY AN/PSG-11 (V) 1 | F24: P.2 | G24: NA | I24: 7010014919157 | J24: 1
B25: PSQ-18A | C25: M203 SIGHT | D25: ZA1094 | E25: SIGHT, GRENADE LAUNC- (AN/PSQ-18A (M203) ) | F25: P.19 | G25: P.34 | I25: 1010015160953 | J25: 22
B26: QUADCON | C26: CONNEX | D26: WE1501 | E26: BOX SHIPPING QUADCON | F26: P.17 | G26: NA | I26: 8115014747089 | J26: 2
B27: SU-93A | C27: BORESIGHT | D27: FA5506 | E27: COLLIMATOR BORESIGH- (SU-93A) | F27: P.3 | G27: P.4 | I27: 5855011096433 | J27: 4
B28: TOOL KIT | C28: ARMS ROOM TOOL KIT | D28: MC802Z | E28: TOOL KIT,REPAIRMAN' | F28: P.7 | G28: NA | I28: 5180003577770 | J28: 1
B29: COMMAND LAUNCH UNIT | C29: JAVLIN AIMING DEVICE | D29: C60750 | E29: CMD LAUN UT JAV 2 BRD | F29: P.2 | G29: P.3 | I29: 1430014338025 | J29: 6
B30: ACOG | C30: WPN MOUNTED SIGHT | D30: S45729 | E30: SIGHT BORE OPT M150 | F30: 12 | G30: 20 | H30: 28 | I30: 1240015571897 | J30: 17 | N30: 1200 | O30: 16800
B31: ADAPTER RAIL | C31: RAIL SYSTEM FOR 5.56MM | D31: ZA0592 | E31: ADAPTER RAIL, WEAPON | F31: 17 | H31: 36 | I31: 1005014523527 | J31: 206 | N31: 74 | O31: 15244
B32: BALLISTIC COMPUTER | C32: MRT COMPUTER M23 | D32: C60294 | E32: COMPUTER SET BALLIS | F32: 2 | H32: 10 | I32: 1220011196049 | J32: 5 | N32: 9000 | O32: 45000
B33: BAYONET | C33: BAYONET | D33: B49004 | E33: BAYONET MULTI SYS M9 | F33: 1 | H33: 7 | I33: 1095012271739 | J33: 186 | N33: 58 | O33: 10788
B34: BIAS | C34: GROUND SENSOR | D34: B57077 | E34: BATTLEFIELD ANTI-IN | F34: 1 | H34: 7 | I34: 6350015932817 | J34: 3 | N34: 32640 | O34: 97920
B35: BORESIGHT | C35: ZERO LASER | D35: FA5506 | E35: COLLIMATOR BORESIGH- (SU-93A) | F35: 2 | G35: 4 | H35: 13 | I35: 5855011096433 | J35: 4 | N35: 4993 | O35: 19972
B36: CLU | C36: JAVLIN AIMING DEVICE | D36: C60750 | E36: COMMAND LAUNCH UNIT | F36: 2 | G36: 2 | H36: 10 | I36: 1430015328900 | J36: 6 | N36: 133063 | O36: 798378
B37: DAGR: AN/PSN13 | C37: GPS NAVIGATION | D37: N96248 | E37: NAVIGATION SET, SATE | F37: 9,10 | G37: 12,13 | H37: 22 | I37: 5825015264783 | J37: 85 | N37: 4598 | O37: 390830
B38: DAGR: AN/PSN13 | C38: GPS NAVIGATION | D38: N96248 | E38: NAV SET SAT AN/PSN-13 | F38: 9 | G38: 12 | H38: 21,22 | I38: 5825015168038 | J38: 1 | N38: 2832 | O38: 2832
B39: EOTECH | C39: WPN MOUNTED SIGHT | D39: GA405T | E39: SIGHT, HOLOGRAPHIC-(EOTECH 552.A65) | F39: 4 | G39: 4,5 | H39: 15 | I39: 1240014925264 | J39: 11 | N39: 407 | O39: 4477
B40: EUGS | C40: GROUND VIBRATION SENSOR | D40: FA102R | E40: UNATTENDED GROUND SENSOR SYSTEM | F40: 2 | H40: 12,13 | J40: 1 | N40: 25000
B41: GUN MOUNT: 50c/40MM | C41: GUN MOUNT | D41: M74823 | E41: MT MAC GUN 40MM MK93 | F41: 6 | G41: 8 | H41: 19 | I41: 1010013832757 | J41: 2 | N41: 1678 | O41: 3356
B42: GUN MOUNT: 50c/40MM | C42: GUN MOUNT | D42: M12647 | E42: MT MAC GUN 40MM MK93 | F42: 6 | G42: 7 | H42: 18 | I42: 1010013832757 | J42: 1 | N42: 1678 | O42: 1678
B43: GUN MOUNT: 50c/40MM | C43: GUN MOUNT | D43: M12647 | E43: MT MG 40MM MK93 MOD2 | F43: 6 | G43: 7 | H43: 18 | I43: 1010015027547 | J43: 1 | N43: 1678 | O43: 1678
B44: IZLID | C44: WPN MOUNTED LASER | D44: FA5554 | E44: ILLUMINATOR, INFRARED: D424-100 IZLID B. E MEYERS | F44: 3 | H44: 13 | I44: 5855014501080 | J44: 5 | N44: 1421 | O44: 7105
B45: LCMR | C45: RADAR SET | D45: FA4004 | E45: RADAR SET-(AN/TPQ-48 (V) 2) | F45: 2 | G45: 4 | I45: 5840015418783 | J45: 1 | N45: 341000
B46: LFED | C46: FST COMPUTER | D46: C04819 | E46: COPTR SY DIG: AN/PSG- | F46: 1,2 | G46: 1 | H46: 8 | I46: 7010015608481 | J46: 4 | N46: 28694 | O46: 114776
B47: LHMBC | C47: MRT COMPUTER | D47: FA9527 | E47: INTERFACE UNIT COMM EQPT | F47: 3 | H47: 3 | I47: 5895015216922 | J47: 4 | N47: 13621 | O47: 54484
B48: LHMBC | C48: MRT COMPUTER | D48: 70209N | E48: COMPUTER, DIGITAL-(LHMBC, M32) | F48: 1 | G48: 1 | H48: 1 | I48: 7021015553403 | J48: 4
B49: LLDR | C49: LASER DESIGNATOR RANGE | D49: R60282 | E49: RAN FI TA DL AN/PED-1 | F49: 10 | G49: 17 | H49: 25 | I49: 1240014551791 | J49: 5 | N49: 300000 | O49: 1500000
B50: LLDR | C50: LASER DESIGNATOR RANGE | D50: GA404T | E50: TARGET LOCATOR MODULE: A20022000-9 NORTHROP GRU | F50: 3,4 | H50: 15 | I50: 124001C159655 | J50: 1 | N50: 171000 | O50: 171000
B51: LLDR TRIPOD | C51: LLDR TRIPOD | D51: GA603Z | E51: TRIPOD: LASER DESIGNATOR MODULE: 20022200-19 NG | I51: 126001C159971 | J51: 1 | N51: 75202 | O51: 75202
B52: SCOPE | C52: SPOTTING INSTRUMENT: OPT | D52: S08669 | H52: 27 | I52: 6650015495838 | J52: 2 | N52: 1755 | O52: 3510
B53: M144 | C53: SPOTTING SCOPE | D53: T60253 | E53: TELESCOP STRAIG M144 | F53: 17 | H53: 32 | I53: 1240013862771 | J53: 3 | N53: 2187 | O53: 6561
B54: M145 | C54: WPN MOUNTED SIGHT | D54: T60185 | E54: TELESCOPE M145 | F54: 16 | G54: 27 | H54: 32 | I54: 1240014116350 | J54: 10 | N54: 669 | O54: 6690
B55: M22 | C55: BINOCULAR | D55: B67766 | E55: BINOCULAR MOD CON M22 | F55: 1 | H55: 8 | I55: 1240013611318 | J55: 25 | N55: 337 | O55: 8425
B56: M22 | C56: BINOCULAR | D56: B67766 | E56: BINOCULAR MOD CON M22 | F56: 1 | H56: 8 | I56: 1240012075787 | J56: 22 | N56: 348 | O56: 7656
B57: M24 | C57: BINOCULAR | D57: B67839 | E57: M24 BINOCULAR | F57: 1 | H57: 8 | I57: 1240014993547 | J57: 12 | N57: 343 | O57: 4116
B58: M24 W/O RET | C58: BINOCULAR | D58: B67839 | E58: BINOCULAR W/O RET M24 | F58: 1 | H58: 8 | I58: 1240014123128 | J58: 6 | N58: 290 | O58: 1740
B59: M249 SIMBOLT | C59: SIMULATION BOLT (SHORT) | D59: RB0546 | E59: M249 CONVERSION KIT: FTP SNC TECHNOLOGIES | I59: 130501C018843 | J59: 20
B60: M25 | C60: BINOCULAR | D60: B67907 | E60: BINOCULAR M25 | F60: 1 | H60: 8 | I60: 1240014107418 | J60: 4 | N60: 6120 | O60: 24480
B61: M2A2 | C61: MRT AIMING CIRCLE | D61: A22496 | E61: AIMING CIRCLE M2A2 | F61: 1 | H61: 6,7 | I61: 6675010670687 | J61: 3 | N61: 3725 | O61: 11175
B62: M30 | C62: BORESIGHT (UNIVERSAL) | D62: B60351 | E62: BORESIGHT EQUIP M30 | F62: 1 | H62: 7 | I62: 5860013947781 | J62: 1 | N62: 623 | O62: 623
B63: M45A1 SIGHT BORE | C63: MRT SIGHT | D63: T45593 | E63: SIGHT BORE OPT M45A1 | F63: 16 | H63: 32 | I63: 1240001523512 | J63: 4 | N63: 759 | O63: 3036
B64: M68 | C64: WPN MOUNTED SIGHT | D64: S60288 | E64: SIGHT REFLEX | F64: 14 | G64: 23 | H64: 29 | I64: 1240015403690 | J64: 31 | N64: 282 | O64: 8742
B65: M68 | C65: WPN MOUNTED SIGHT | D65: S60288 | E65: SIGHT REFLEX COLLIM | F65: 12,14 | G65: 21,23 | H65: 28,29 | I65: 1240014111265 | J65: 143 | N65: 282 | O65: 40326
B66: M68 | C66: WPN MOUNTED SIGHT | D66: S60288 | E66: SIGHT REFLEX COLLIMA | F66: 15 | H66: 29 | I66: 1240015766134 | J66: 46 | N66: 364 | O66: 16744
B67: M9 LEG HOLSTER (ACU) | C67: PISTOL HOLSTER | D67: ZA9568 | E67: HOLSTER, PISTOL | F67: 17 | H67: 4 | I67: 1095015411514 | J67: 15 | N67: 103 | O67: 1545
B68: MARK7E | C68: LASER RANGE FINDER | D68: Z01676 | E68: TARGET LOCATOR MODU - (MK7) | F68: 5,6 | H68: 39 | I68: 1240015628084 | J68: 26 | N68: 120869 | O68: 3142594
B69: MINE DETECTOR | C69: MINE DETECTOR, HANDHHELD | D69: G02341 | E69: DETECTING SET MINE | I69: 6665219061023 | J69: 10 | N69: 2450 | O69: 24500
B70: MOTION SENSOR | C70: LMKD AN/GAR-2 | D70: L02015 | E70: LIGHTING KIT MOTION | F70: 5 | G70: 6,7 | H70: 17 | I70: 62100153767 | J70: 8 | N70: 3500 | O70: 28000
B71: MX-2 | C71: MINI THERMAL SIGHT | D71: FA5547 | E71: VIEWER, INFRARED | F71: 2 | H71: 13 | I71: 5855015387994 | J71: 1 | N71: 137 | O71: 137
B72: NVG TEST SET | C72: NOD TEST SET | D72: E03826 | E72: TEST SET TS-4348/UV | F72: 2 | H72: 11,12 | I72: 6625013239584 | J72: 4 | N72: 701 | O72: 2804
B73: PAS-13B (V)2 | C73: THERMAL SIGHT | D73: S90535 | E73: SI THE AN/PAS-13B(V)2 | F73: 16 | G73: 26 | H73: 31 | I73: 5855014643152 | J73: 2 | N73: 17591 | O73: 35182
B74: PAS-13B (V)3 | C74: THERMAL SIGHT | D74: S90603 | E74: SI THE AN/PAS-13B (V)3 | F74: 16 | G74: 26 | H74: 31 | I74: 5855014643151 | J74: 12 | N74: 19306 | O74: 231672
B75: PAS-13B(V)1 | C75: THERMAL SIGHT | D75: S90535 | E75: SI THE AN/PAS-13B(V)1 | F75: 16 | G75: 25,26 | H75: 31 | I75: 5855014643150 | J75: 10 | N75: 12512 | O75: 125120
B76: PAS-13C (V3) | C76: THERMAL SIGHT | D76: S90603 | E76: SI THE AN/PAS-13D (V) 3 | F76: 16 | G76: 26 | H76: 31 | I76: 5855015237715 | J76: 4 | N76: 10508 | O76: 42032
B77: PAS-13D (V)1 | C77: THERMAL SIGHT | D77: S60356 | E77: SI THE AN/PAS-13D (V) 1 | F77: 15 | G77: 25 | H77: 30 | I77: 5855015244308 | J77: 18 | N77: 8000 | O77: 144000
B78: PAS-13D (V)3 | C78: THERMAL SIGHT | D78: S90603 | E78: SI THE AN/PAS-13D(V)3 | F78: 16 | G78: 26 | H78: 31 | I78: 5855015244314 | J78: 3 | N78: 11999 | O78: 35997
B79: PEQ-15 | C79: WPN MOUNTED LASER (GREY) | D79: J03261 | E79: ILLUMINATOR INTEGRA | F79: 5 | H79: 16,17 | I79: 5855015356166 | J79: 32 | N79: 878 | O79: 28096
B80: PEQ-15 | C80: WPN MOUNTED LASER (TAN) | D80: J03261 | E80: ILLUMIN INFRARED | F80: 4,5 | G80: 5,6 | H80: 16 | I80: 5855015345931 | J80: 94 | N80: 884 | O80: 83096
B81: PFED | C81: FST COMPUTER | D81: C13866 | E81: COMPUTER SYSTEM, DIG | F81: 2 | G81: 2 | H81: 9 | I81: 7010015389663 | J81: 15 | N81: 8114 | O81: 121710
B82: PSQ-18A | C82: M203 SIGHT | D82: ZA1094 | E82: SIGHT, GRENADE LAUNC- (AN/PSQ-18A (M203) ) | I82: 1010015160953 | J82: 22 | N82: 1140 | O82: 25080
B83: PSQ-20 | C83: NIGHT VISION MONOCULAR TAN | D83: N07848 | E83: NIGHT VISION DEVICE | F83: 9 | G83: 12 | H83: 39 | I83: 5855015346449 | J83: 5 | N83: 18500 | O83: 92500
B84: PSS-14 | C84: MINE DETECTOR, BACKPACK | D84: D03932 | E84: DETECT SE M AN/PSS-14 | F84: 2 | G84: 2,3 | H84: 11 | I84: 666015047769 | J84: 1 | N84: 19300 | O84: 19300
B85: PVS-10 | C85: NIGHT OPTIC SNIPER SCOPE | D85: S90433 | E85: SIGHT NI VI AN/PVS-10 | F85: 16 | G85: 25 | H85: 30 | I85: 5855014108979 | J85: 8 | N85: 9546 | O85: 76368
B86: PVS-14 | C86: NIGHT VISION MONOCULAR | D86: N05482 | E86: MONO NI VIS AN/PVS-14 | F86: 8,9 | G86: 11,12 | H86: 21 | I86: 5855014320524 | J86: 92 | N86: 3607 | O86: 331844
B87: PVS-14 | C87: NIGHT VISION MONOCULAR | D87: M79678 | E87: MONO NI VIS AN/PVS-14 | F87: 7 | G87: 8,9 | H87: 19,20 | I87: 5855014320524 | J87: 42 | N87: 3607 | O87: 151494
B88: PVS-26 | C88: NIGHT VISION SIGHT | D88: S60342 | E88: SIGHT, NIGHT VISION - (AN/PVS-26) | F88: 15 | G88: 24 | H88: 30 | I88: 5855015388121 | J88: 3 | N88: 7939 | O88: 23817
B89: PVS-30 | C89: NIGHT VISION SIGHT (XM2010) | D89: S60342 | E89: SIGHT NI VI AN/PVS-30 | F89: 15 | H89: 40 | I89: 5855015679243 | J89: 3 | N89: 10717 | O89: 32151
B90: PVS-4 | C90: NIGHT OPTIC SNIPER SCOPE | D90: S60356 | E90: NI VI AN/PVS-4 W/IMG | F90: 15 | G90: 4 | H90: 30 | I90: 5855006295334 | J90: 3 | N90: 5650 | O90: 16950
B91: PVS-6 | C91: LASER RANGE FINDER | D91: M74849 | E91: MELIOS LASER AN/PVS-6 | F91: 6 | H91: 19 | I91: 5860013508551 | J91: 11 | N91: 9216 | O91: 101376
B92: PVS-7B | C92: NIGHT VISION BINOCULAR | D92: N05482 | E92: NIGHT VIS G AN/PVS-7B | F92: 7 | G92: 9 | H92: 20 | I92: 5855012280937 | J92: 6 | N92: 3578 | O92: 21468
B93: PVS-7D | C93: NIGHT VISION BINOCULAR | D93: N05482 | E93: NIGHT VIS AN/PVS-7D | F93: 7,8 | G93: 10,11 | H93: 20,21 | I93: 5855014225413 | J93: 78 | N93: 2748 | O93: 214344
B94: RAPTER | C94: SNIPER SCOPE | D94: FA5554 | E94: ILLUMINATOR, INFRARE- (M646) | F94: 2,3 | G94: 4 | H94: 13 | I94: 5855014652170 | J94: 2 | N94: 6219 | O94: 12438
B95: REMOTE AIRCRAFT | C95: RAVEN | D95: S83835 | E95: DRONE AIRCRAFT | F95: 15,16 | G95: 25 | H95: 30 | I95: 1550015389256 | J95: 1 | N95: 100000 | O95: 100000
B96: SIM BOLT | C96: SIMULATION BOLT (BOXED) | D96: ZA0507 | E96: KIT, CONVERSION, M16- | I96: 1005991322616 | J96: 51
B97: SIM BOLT | C97: SIMULATION BOLT (LONG) | D97: ZA0507 | E97: CONVERSION KIT: 5305655 SIMUNITION | I97: 100501C055967 | J97: 75
B98: SMALL ARMS RACK | C98: WEAPON STORAGE RACK | D98: R12379 | E98: RACK STOR SMALL ARMS | I98: 1095012362203 | J98: 3
B99: STORM | C99: ILLUMINATOR INTEGRATED | D99: J68653 | E99: SMALL ARMS STORM MLRF | F99: 5 | H99: 39 | I99: 5855015775946 | J99: 2 | N99: 14248 | O99: 28496
B100: STORM | C100: AN/PSQ-23 | D100: J68653 | E100: ILL INT SMAL ARM MLRF | F100: 5 | H100: 17 | I100: 5855015351905 | J100: 3 | N100: 15971 | O100: 47913
B101: TAC-LIGHT | C101: WPN MOUNTED LIGHT | D101: FE3077 | E101: FLASHLIGHT: WEAPONS MOUNTED M952 KIT01 SUREFIRE | F101: 3 | H101: 14 | I101: 623001F003915 | J101: 108 | N101: 72 | O101: 7776
...

Sheet 2062
A1: HAND RECEIPT/ANNEX NUMBER | J1: FROM: | S1: TO: | U1: Section: | Z1: =#VALUE! -> #VALUE! | AB1: HAND RECEIPT | AE1: HAND RECEIPT/ANNEX NUMBER | AN1: FROM: | AW1: TO: | AY1: Section: | BD1: =#VALUE! -> #VALUE! | BF1: HAND RECEIPT | BI1: HAND RECEIPT/ANNEX NUMBER | BR1: FROM: | CA1: TO: | CC1: Section: | CH1: =MAL!A2 -> SCT | CJ1: HAND RECEIPT | CM1: HAND RECEIPT/ANNEX NUMBER | CV1: FROM: | DE1: TO: | DG1: Section: | DL1: =MAL!A3 -> SCT | DN1: HAND RECEIPT | DQ1: HAND RECEIPT/ANNEX NUMBER | DZ1: FROM: | EI1: TO: | EK1: Section: | EP1: =#VALUE! -> #VALUE! | ER1: HAND RECEIPT | EU1: HAND RECEIPT/ANNEX NUMBER | FD1: FROM: | FM1: TO: | FO1: Section: | FT1: MAL (V2)'!B | FV1: HAND RECEIPT | FY1: HAND RECEIPT/ANNEX NUMBER | GH1: FROM: | GQ1: TO: | GS1: Section: | GX1: MAL (V2)'!B | GZ1: HAND RECEIPT | HC1: HAND RECEIPT/ANNEX NUMBER | HL1: FROM: | HU1: TO: | HW1: Section: | IB1: =#VALUE! -> #VALUE! | ID1: HAND RECEIPT | IG1: HAND RECEIPT/ANNEX NUMBER | IP1: FROM: | IY1: TO: | JA1: Section: | JF1: =#VALUE! -> #VALUE! | JH1: HAND RECEIPT | JK1: HAND RECEIPT/ANNEX NUMBER | JT1: FROM: | KC1: TO: | KE1: Section: | KJ1: =MAL!HC2 -> 0 | KL1: HAND RECEIPT | KO1: HAND RECEIPT/ANNEX NUMBER | KX1: FROM: | LG1: TO: | LI1: Section: | LN1: =MAL!HC3 -> 0 | LP1: HAND RECEIPT | LS1: HAND RECEIPT/ANNEX NUMBER | MB1: FROM: | MK1: TO: | MM1: Section: | MR1: =#VALUE! -> #VALUE! | MT1: HAND RECEIPT | MW1: HAND RECEIPT/ANNEX NUMBER | NF1: FROM: | NO1: TO: | NQ1: Section: | NV1: MAL (V2)'!B | NX1: HAND RECEIPT | OA1: HAND RECEIPT/ANNEX NUMBER | OJ1: FROM: | OS1: TO: | OU1: Section: | OZ1: MAL (V2)'!B | PB1: HAND RECEIPT | PE1: HAND RECEIPT/ANNEX NUMBER | PN1: FROM: | PW1: TO: | PY1: Section: | QD1: =#VALUE! -> #VALUE! | QF1: HAND RECEIPT | QI1: HAND RECEIPT/ANNEX NUMBER | QR1: FROM: | RA1: TO: | RC1: Section: | RH1: =#VALUE! -> #VALUE! | RJ1: HAND RECEIPT | RM1: HAND RECEIPT/ANNEX NUMBER | RV1: FROM: | SE1: TO: | SG1: Section: | SL1: =MAL!PE2 -> 0 | SN1: HAND RECEIPT | SQ1: HAND RECEIPT/ANNEX NUMBER | SZ1: FROM: | TI1: TO: | TK1: Section: | TP1: =MAL!PE3 -> 0 | TR1: HAND RECEIPT | TU1: HAND RECEIPT/ANNEX NUMBER | UD1: FROM: | UM1: TO: | UO1: Section: | UT1: =#VALUE! -> #VALUE! | UV1: HAND RECEIPT | UY1: HAND RECEIPT/ANNEX NUMBER | VH1: FROM: | VQ1: TO: | VS1: Section: | VX1: MAL (V2)'!B | VZ1: HAND RECEIPT | WC1: HAND RECEIPT/ANNEX NUMBER | WL1: FROM: | WU1: TO: | WW1: Section: | XB1: MAL (V2)'!B | XD1: HAND RECEIPT | XG1: HAND RECEIPT/ANNEX NUMBER | XP1: FROM: | XY1: TO: | YA1: Section: | YF1: =#VALUE! -> #VALUE! | YH1: HAND RECEIPT | YK1: HAND RECEIPT/ANNEX NUMBER | YT1: FROM: | ZC1: TO: | ZE1: Section: | ZJ1: =#VALUE! -> #VALUE! | ZL1: HAND RECEIPT | ZO1: HAND RECEIPT/ANNEX NUMBER | ZX1: FROM: | AAG1: TO: | AAI1: Section: | AAN1: =MAL!XG2 -> 0 | AAP1: HAND RECEIPT | AAS1: HAND RECEIPT/ANNEX NUMBER | ABB1: FROM: | ABK1: TO: | ABM1: Section: | ABR1: =MAL!XG3 -> 0 | ABT1: HAND RECEIPT | ABW1: HAND RECEIPT/ANNEX NUMBER | ACF1: FROM: | ACO1: TO: | ACQ1: Section: | ACV1: =#VALUE! -> #VALUE! | ACX1: HAND RECEIPT | ADA1: HAND RECEIPT/ANNEX NUMBER | ADJ1: FROM: | ADS1: TO: | ADU1: Section: | ADZ1: MAL (V2)'!B | AEB1: HAND RECEIPT | AEE1: HAND RECEIPT/ANNEX NUMBER | AEN1: FROM: | AEW1: TO: | AEY1: Section: | AFD1: MAL (V2)'!B | AFF1: HAND RECEIPT | AFI1: HAND RECEIPT/ANNEX NUMBER | AFR1: FROM: | AGA1: TO: | AGC1: Section: | AGH1: =#VALUE! -> #VALUE! | AGJ1: HAND RECEIPT | AGM1: HAND RECEIPT/ANNEX NUMBER | AGV1: FROM: | AHE1: TO: | AHG1: Section: | AHL1: =#VALUE! -> #VALUE! | AHN1: HAND RECEIPT | AHQ1: HAND RECEIPT/ANNEX NUMBER | AHZ1: FROM: | AII1: TO: | AIK1: Section: | AIP1: =MAL!AFI2 -> 0 | AIR1: HAND RECEIPT | AIU1: HAND RECEIPT/ANNEX NUMBER | AJD1: FROM: | AJM1: TO: | AJO1: Section: | AJT1: =MAL!AFI3 -> 0 | AJV1: HAND RECEIPT | AJY1: HAND RECEIPT/ANNEX NUMBER | AKH1: FROM: | AKQ1: TO: | AKS1: Section: | AKX1: =#VALUE! -> #VALUE! | AKZ1: HAND RECEIPT | ALC1: HAND RECEIPT/ANNEX NUMBER | ALL1: FROM: | ALU1: TO: | ALW1: Section: | AMB1: MAL (V2)'!B | AMD1: HAND RECEIPT | AMG1: HAND RECEIPT/ANNEX NUMBER
A2: For use of this form, see DA PAM 710-2-1 | J2: HHC ARMS ROOM | S2: =#VALUE! -> #VALUE! | W2: =#VALUE! -> #VALUE! | Z2: =MAL!E2 -> 1LT | AB2: NUMBER | AD2: =MAL!D2 -> 1 | AE2: For use of this form, see DA PAM 710-2-1 | AN2: HHC ARMS ROOM | AW2: =#VALUE! -> #VALUE! | BA2: =MAL!G3 -> 0 | BD2: =MAL!E3 -> 0 | BF2: NUMBER | BH2: =MAL!D3 -> 2 | BI2: For use of this form, see DA PAM 710-2-1 | BR2: HHC ARMS ROOM | CA2: =#VALUE! -> #VALUE! | CE2: =#VALUE! -> #VALUE! | CH2: =MAL!E2 -> 1LT | CJ2: NUMBER | CL2: =MAL!D2 -> 1 | CM2: For use of this form, see DA PAM 710-2-1 | CV2: HHC ARMS ROOM | DE2: =#VALUE! -> #VALUE! | DI2: =MAL!G3 -> 0 | DL2: =MAL!E3 -> 0 | DN2: NUMBER | DP2: =MAL!D3 -> 2 | DQ2: For use of this form, see DA PAM 710-2-1 | DZ2: HHC ARMS ROOM | EI2: =#VALUE! -> #VALUE! | EM2: =#VALUE! -> #VALUE! | EP2: =#VALUE! -> #VALUE! | ER2: NUMBER | ET2: =#VALUE! -> #VALUE! | EU2: For use of this form, see DA PAM 710-2-1 | FD2: HHC ARMS ROOM | FM2: MAL (V2)'!H | FQ2: MAL (V2)'!I | FT2: MAL (V2)'!G | FV2: NUMBER | FX2: MAL (V2)'!E | FY2: For use of this form, see DA PAM 710-2-1 | GH2: HHC ARMS ROOM | GQ2: MAL (V2)'!H | GU2: MAL (V2)'!I | GX2: MAL (V2)'!G | GZ2: NUMBER | HB2: MAL (V2)'!E | HC2: For use of this form, see DA PAM 710-2-1 | HL2: HHC ARMS ROOM | HU2: =MAL!HI2 -> 0 | HY2: =MAL!HJ2 -> 0 | IB2: =MAL!HH2 -> 0 | ID2: NUMBER | IF2: =MAL!HF2 -> 0 | IG2: For use of this form, see DA PAM 710-2-1 | IP2: HHC ARMS ROOM | IY2: =#VALUE! -> #VALUE! | JC2: =#VALUE! -> #VALUE! | JF2: =#VALUE! -> #VALUE! | JH2: NUMBER | JJ2: =#VALUE! -> #VALUE! | JK2: For use of this form, see DA PAM 710-2-1 | JT2: HHC ARMS ROOM | KC2: =MAL!HI2 -> 0 | KG2: =MAL!HJ2 -> 0 | KJ2: =MAL!HH2 -> 0 | KL2: NUMBER | KN2: =MAL!HF2 -> 0 | KO2: For use of this form, see DA PAM 710-2-1 | KX2: HHC ARMS ROOM | LG2: =MAL!HI3 -> 0 | LK2: =MAL!HJ3 -> 0 | LN2: =MAL!HH3 -> 0 | LP2: NUMBER | LR2: =MAL!HF3 -> 0 | LS2: For use of this form, see DA PAM 710-2-1 | MB2: HHC ARMS ROOM | MK2: =#VALUE! -> #VALUE! | MO2: =#VALUE! -> #VALUE! | MR2: =#VALUE! -> #VALUE! | MT2: NUMBER | MV2: =#VALUE! -> #VALUE! | MW2: For use of this form, see DA PAM 710-2-1 | NF2: HHC ARMS ROOM | NO2: MAL (V2)'!H | NS2: MAL (V2)'!I | NV2: MAL (V2)'!G | NX2: NUMBER | NZ2: MAL (V2)'!E | OA2: For use of this form, see DA PAM 710-2-1 | OJ2: HHC ARMS ROOM | OS2: MAL (V2)'!H | OW2: MAL (V2)'!I | OZ2: MAL (V2)'!G | PB2: NUMBER | PD2: MAL (V2)'!E | PE2: For use of this form, see DA PAM 710-2-1 | PN2: HHC ARMS ROOM | PW2: =MAL!PK2 -> 0 | QA2: =MAL!PL2 -> 0 | QD2: =MAL!PJ2 -> 0 | QF2: NUMBER | QH2: =MAL!PH2 -> 0 | QI2: For use of this form, see DA PAM 710-2-1 | QR2: HHC ARMS ROOM | RA2: =#VALUE! -> #VALUE! | RE2: =#VALUE! -> #VALUE! | RH2: =#VALUE! -> #VALUE! | RJ2: NUMBER | RL2: =#VALUE! -> #VALUE! | RM2: For use of this form, see DA PAM 710-2-1 | RV2: HHC ARMS ROOM | SE2: =MAL!PK2 -> 0 | SI2: =MAL!PL2 -> 0 | SL2: =MAL!PJ2 -> 0 | SN2: NUMBER | SP2: =MAL!PH2 -> 0 | SQ2: For use of this form, see DA PAM 710-2-1 | SZ2: HHC ARMS ROOM | TI2: =MAL!PK3 -> 0 | TM2: =MAL!PL3 -> 0 | TP2: =MAL!PJ3 -> 0 | TR2: NUMBER | TT2: =MAL!PH3 -> 0 | TU2: For use of this form, see DA PAM 710-2-1 | UD2: HHC ARMS ROOM | UM2: =#VALUE! -> #VALUE! | UQ2: =#VALUE! -> #VALUE! | UT2: =#VALUE! -> #VALUE! | UV2: NUMBER | UX2: =#VALUE! -> #VALUE! | UY2: For use of this form, see DA PAM 710-2-1 | VH2: HHC ARMS ROOM | VQ2: MAL (V2)'!H | VU2: MAL (V2)'!I | VX2: MAL (V2)'!G | VZ2: NUMBER | WB2: MAL (V2)'!E | WC2: For use of this form, see DA PAM 710-2-1 | WL2: HHC ARMS ROOM | WU2: MAL (V2)'!H | WY2: MAL (V2)'!I | XB2: MAL (V2)'!G | XD2: NUMBER | XF2: MAL (V2)'!E | XG2: For use of this form, see DA PAM 710-2-1 | XP2: HHC ARMS ROOM | XY2: =MAL!XM2 -> 0 | YC2: =MAL!XN2 -> 0 | YF2: =MAL!XL2 -> 0 | YH2: NUMBER | YJ2: =MAL!XJ2 -> 0 | YK2: For use of this form, see DA PAM 710-2-1 | YT2: HHC ARMS ROOM | ZC2: =#VALUE! -> #VALUE! | ZG2: =#VALUE! -> #VALUE! | ZJ2: =#VALUE! -> #VALUE! | ZL2: NUMBER | ZN2: =#VALUE! -> #VALUE! | ZO2: For use of this form, see DA PAM 710-2-1 | ZX2: HHC ARMS ROOM | AAG2: =MAL!XM2 -> 0 | AAK2: =MAL!XN2 -> 0 | AAN2: =MAL!XL2 -> 0 | AAP2: NUMBER | AAR2: =MAL!XJ2 -> 0 | AAS2: For use of this form, see DA PAM 710-2-1 | ABB2: HHC ARMS ROOM | ABK2: =MAL!XM3 -> 0 | ABO2: =MAL!XN3 -> 0 | ABR2: =MAL!XL3 -> 0 | ABT2: NUMBER | ABV2: =MAL!XJ3 -> 0 | ABW2: For use of this form, see DA PAM 710-2-1 | ACF2: HHC ARMS ROOM | ACO2: =#VALUE! -> #VALUE! | ACS2: =#VALUE! -> #VALUE! | ACV2: =#VALUE! -> #VALUE! | ACX2: NUMBER | ACZ2: =#VALUE! -> #VALUE! | ADA2: For use of this form, see DA PAM 710-2-1 | ADJ2: HHC ARMS ROOM | ADS2: MAL (V2)'!H | ADW2: MAL (V2)'!I | ADZ2: MAL (V2)'!G | AEB2: NUMBER | AED2: MAL (V2)'!E | AEE2: For use of this form, see DA PAM 710-2-1 | AEN2: HHC ARMS ROOM | AEW2: MAL (V2)'!H | AFA2: MAL (V2)'!I | AFD2: MAL (V2)'!G | AFF2: NUMBER | AFH2: MAL (V2)'!E | AFI2: For use of this form, see DA PAM 710-2-1 | AFR2: HHC ARMS ROOM | AGA2: =MAL!AFO2 -> 0 | AGE2: =MAL!AFP2 -> 0 | AGH2: =MAL!AFN2 -> 0 | AGJ2: NUMBER | AGL2: =MAL!AFL2 -> 0 | AGM2: For use of this form, see DA PAM 710-2-1 | AGV2: HHC ARMS ROOM | AHE2: =#VALUE! -> #VALUE! | AHI2: =#VALUE! -> #VALUE! | AHL2: =#VALUE! -> #VALUE! | AHN2: NUMBER | AHP2: =#VALUE! -> #VALUE! | AHQ2: For use of this form, see DA PAM 710-2-1 | AHZ2: HHC ARMS ROOM | AII2: =MAL!AFO2 -> 0 | AIM2: =MAL!AFP2 -> 0 | AIP2: =MAL!AFN2 -> 0 | AIR2: NUMBER | AIT2: =MAL!AFL2 -> 0 | AIU2: For use of this form, see DA PAM 710-2-1 | AJD2: HHC ARMS ROOM | AJM2: =MAL!AFO3 -> 0 | AJQ2: =MAL!AFP3 -> 0 | AJT2: =MAL!AFN3 -> 0 | AJV2: NUMBER | AJX2: =MAL!AFL3 -> 0 | AJY2: For use of this form, see DA PAM 710-2-1 | AKH2: HHC ARMS ROOM | AKQ2: =#VALUE! -> #VALUE! | AKU2: =#VALUE! -> #VALUE! | AKX2: =#VALUE! -> #VALUE! | AKZ2: NUMBER | ALB2: =#VALUE! -> #VALUE! | ALC2: For use of this form, see DA PAM 710-2-1 | ALL2: HHC ARMS ROOM | ALU2: MAL (V2)'!H | ALY2: MAL (V2)'!I | AMB2: MAL (V2)'!G | AMD2: NUMBER | AMF2: MAL (V2)'!E | AMG2: For use of this form, see DA PAM 710-2-1
A3: The proponent agency is ODCSLOG. | N3: ARMORER | S3: LAST NAME | W3: FIRST NAME | Z3: RANK | AE3: The proponent agency is ODCSLOG. | AR3: ARMORER | AW3: LAST NAME | BA3: FIRST NAME | BD3: RANK | BI3: The proponent agency is ODCSLOG. | BV3: ARMORER | CA3: LAST NAME | CE3: FIRST NAME | CH3: RANK | CM3: The proponent agency is ODCSLOG. | CZ3: ARMORER | DE3: LAST NAME | DI3: FIRST NAME | DL3: RANK | DQ3: The proponent agency is ODCSLOG. | ED3: ARMORER | EI3: LAST NAME | EM3: FIRST NAME | EP3: RANK | EU3: The proponent agency is ODCSLOG. | FH3: ARMORER | FM3: LAST NAME | FQ3: FIRST NAME | FT3: RANK | FY3: The proponent agency is ODCSLOG. | GL3: ARMORER | GQ3: LAST NAME | GU3: FIRST NAME | GX3: RANK | HC3: The proponent agency is ODCSLOG. | HP3: ARMORER | HU3: LAST NAME | HY3: FIRST NAME | IB3: RANK | IG3: The proponent agency is ODCSLOG. | IT3: ARMORER | IY3: LAST NAME | JC3: FIRST NAME | JF3: RANK | JK3: The proponent agency is ODCSLOG. | JX3: ARMORER | KC3: LAST NAME | KG3: FIRST NAME | KJ3: RANK | KO3: The proponent agency is ODCSLOG. | LB3: ARMORER | LG3: LAST NAME | LK3: FIRST NAME | LN3: RANK | LS3: The proponent agency is ODCSLOG. | MF3: ARMORER | MK3: LAST NAME | MO3: FIRST NAME | MR3: RANK | MW3: The proponent agency is ODCSLOG. | NJ3: ARMORER | NO3: LAST NAME | NS3: FIRST NAME | NV3: RANK | OA3: The proponent agency is ODCSLOG. | ON3: ARMORER | OS3: LAST NAME | OW3: FIRST NAME | OZ3: RANK | PE3: The proponent agency is ODCSLOG. | PR3: ARMORER | PW3: LAST NAME | QA3: FIRST NAME | QD3: RANK | QI3: The proponent agency is ODCSLOG. | QV3: ARMORER | RA3: LAST NAME | RE3: FIRST NAME | RH3: RANK | RM3: The proponent agency is ODCSLOG. | RZ3: ARMORER | SE3: LAST NAME | SI3: FIRST NAME | SL3: RANK | SQ3: The proponent agency is ODCSLOG. | TD3: ARMORER | TI3: LAST NAME | TM3: FIRST NAME | TP3: RANK | TU3: The proponent agency is ODCSLOG. | UH3: ARMORER | UM3: LAST NAME | UQ3: FIRST NAME | UT3: RANK | UY3: The proponent agency is ODCSLOG. | VL3: ARMORER | VQ3: LAST NAME | VU3: FIRST NAME | VX3: RANK | WC3: The proponent agency is ODCSLOG. | WP3: ARMORER | WU3: LAST NAME | WY3: FIRST NAME | XB3: RANK | XG3: The proponent agency is ODCSLOG. | XT3: ARMORER | XY3: LAST NAME | YC3: FIRST NAME | YF3: RANK | YK3: The proponent agency is ODCSLOG. | YX3: ARMORER | ZC3: LAST NAME | ZG3: FIRST NAME | ZJ3: RANK | ZO3: The proponent agency is ODCSLOG. | AAB3: ARMORER | AAG3: LAST NAME | AAK3: FIRST NAME | AAN3: RANK | AAS3: The proponent agency is ODCSLOG. | ABF3: ARMORER | ABK3: LAST NAME | ABO3: FIRST NAME | ABR3: RANK | ABW3: The proponent agency is ODCSLOG. | ACJ3: ARMORER | ACO3: LAST NAME | ACS3: FIRST NAME | ACV3: RANK | ADA3: The proponent agency is ODCSLOG. | ADN3: ARMORER | ADS3: LAST NAME | ADW3: FIRST NAME | ADZ3: RANK | AEE3: The proponent agency is ODCSLOG. | AER3: ARMORER | AEW3: LAST NAME | AFA3: FIRST NAME | AFD3: RANK | AFI3: The proponent agency is ODCSLOG. | AFV3: ARMORER | AGA3: LAST NAME | AGE3: FIRST NAME | AGH3: RANK | AGM3: The proponent agency is ODCSLOG. | AGZ3: ARMORER | AHE3: LAST NAME | AHI3: FIRST NAME | AHL3: RANK | AHQ3: The proponent agency is ODCSLOG. | AID3: ARMORER | AII3: LAST NAME | AIM3: FIRST NAME | AIP3: RANK | AIU3: The proponent agency is ODCSLOG. | AJH3: ARMORER | AJM3: LAST NAME | AJQ3: FIRST NAME | AJT3: RANK | AJY3: The proponent agency is ODCSLOG. | AKL3: ARMORER | AKQ3: LAST NAME | AKU3: FIRST NAME | AKX3: RANK | ALC3: The proponent agency is ODCSLOG. | ALP3: ARMORER | ALU3: LAST NAME | ALY3: FIRST NAME | AMB3: RANK | AMG3: The proponent agency is ODCSLOG.
A4: FOR ANNEX/CR ONLY | C4: END ITEM STOCK NUMBER | I4: END ITEM DESCRIPTION | Q4: PUBLICATION NUMBER | X4: PUBLICATION DATE | AB4: QUANTITY | AE4: FOR ANNEX/CR ONLY | AG4: END ITEM STOCK NUMBER | AM4: END ITEM DESCRIPTION | AU4: PUBLICATION NUMBER | BB4: PUBLICATION DATE | BF4: QUANTITY | BI4: FOR ANNEX/CR ONLY | BK4: END ITEM STOCK NUMBER | BQ4: END ITEM DESCRIPTION | BY4: PUBLICATION NUMBER | CF4: PUBLICATION DATE | CJ4: QUANTITY | CM4: FOR ANNEX/CR ONLY | CO4: END ITEM STOCK NUMBER | CU4: END ITEM DESCRIPTION | DC4: PUBLICATION NUMBER | DJ4: PUBLICATION DATE | DN4: QUANTITY | DQ4: FOR ANNEX/CR ONLY | DS4: END ITEM STOCK NUMBER | DY4: END ITEM DESCRIPTION | EG4: PUBLICATION NUMBER | EN4: PUBLICATION DATE | ER4: QUANTITY | EU4: FOR ANNEX/CR ONLY | EW4: END ITEM STOCK NUMBER | FC4: END ITEM DESCRIPTION | FK4: PUBLICATION NUMBER | FR4: PUBLICATION DATE | FV4: QUANTITY | FY4: FOR ANNEX/CR ONLY | GA4: END ITEM STOCK NUMBER | GG4: END ITEM DESCRIPTION | GO4: PUBLICATION NUMBER | GV4: PUBLICATION DATE | GZ4: QUANTITY | HC4: FOR ANNEX/CR ONLY | HE4: END ITEM STOCK NUMBER | HK4: END ITEM DESCRIPTION | HS4: PUBLICATION NUMBER | HZ4: PUBLICATION DATE | ID4: QUANTITY | IG4: FOR ANNEX/CR ONLY | II4: END ITEM STOCK NUMBER | IO4: END ITEM DESCRIPTION | IW4: PUBLICATION NUMBER | JD4: PUBLICATION DATE | JH4: QUANTITY | JK4: FOR ANNEX/CR ONLY | JM4: END ITEM STOCK NUMBER | JS4: END ITEM DESCRIPTION | KA4: PUBLICATION NUMBER | KH4: PUBLICATION DATE | KL4: QUANTITY | KO4: FOR ANNEX/CR ONLY | KQ4: END ITEM STOCK NUMBER | KW4: END ITEM DESCRIPTION | LE4: PUBLICATION NUMBER | LL4: PUBLICATION DATE | LP4: QUANTITY | LS4: FOR ANNEX/CR ONLY | LU4: END ITEM STOCK NUMBER | MA4: END ITEM DESCRIPTION | MI4: PUBLICATION NUMBER | MP4: PUBLICATION DATE | MT4: QUANTITY | MW4: FOR ANNEX/CR ONLY | MY4: END ITEM STOCK NUMBER | NE4: END ITEM DESCRIPTION | NM4: PUBLICATION NUMBER | NT4: PUBLICATION DATE | NX4: QUANTITY | OA4: FOR ANNEX/CR ONLY | OC4: END ITEM STOCK NUMBER | OI4: END ITEM DESCRIPTION | OQ4: PUBLICATION NUMBER | OX4: PUBLICATION DATE | PB4: QUANTITY | PE4: FOR ANNEX/CR ONLY | PG4: END ITEM STOCK NUMBER | PM4: END ITEM DESCRIPTION | PU4: PUBLICATION NUMBER | QB4: PUBLICATION DATE | QF4: QUANTITY | QI4: FOR ANNEX/CR ONLY | QK4: END ITEM STOCK NUMBER | QQ4: END ITEM DESCRIPTION | QY4: PUBLICATION NUMBER | RF4: PUBLICATION DATE | RJ4: QUANTITY | RM4: FOR ANNEX/CR ONLY | RO4: END ITEM STOCK NUMBER | RU4: END ITEM DESCRIPTION | SC4: PUBLICATION NUMBER | SJ4: PUBLICATION DATE | SN4: QUANTITY | SQ4: FOR ANNEX/CR ONLY | SS4: END ITEM STOCK NUMBER | SY4: END ITEM DESCRIPTION | TG4: PUBLICATION NUMBER | TN4: PUBLICATION DATE | TR4: QUANTITY | TU4: FOR ANNEX/CR ONLY | TW4: END ITEM STOCK NUMBER | UC4: END ITEM DESCRIPTION | UK4: PUBLICATION NUMBER | UR4: PUBLICATION DATE | UV4: QUANTITY | UY4: FOR ANNEX/CR ONLY | VA4: END ITEM STOCK NUMBER | VG4: END ITEM DESCRIPTION | VO4: PUBLICATION NUMBER | VV4: PUBLICATION DATE | VZ4: QUANTITY | WC4: FOR ANNEX/CR ONLY | WE4: END ITEM STOCK NUMBER | WK4: END ITEM DESCRIPTION | WS4: PUBLICATION NUMBER | WZ4: PUBLICATION DATE | XD4: QUANTITY | XG4: FOR ANNEX/CR ONLY | XI4: END ITEM STOCK NUMBER | XO4: END ITEM DESCRIPTION | XW4: PUBLICATION NUMBER | YD4: PUBLICATION DATE | YH4: QUANTITY | YK4: FOR ANNEX/CR ONLY | YM4: END ITEM STOCK NUMBER | YS4: END ITEM DESCRIPTION | ZA4: PUBLICATION NUMBER | ZH4: PUBLICATION DATE | ZL4: QUANTITY | ZO4: FOR ANNEX/CR ONLY | ZQ4: END ITEM STOCK NUMBER | ZW4: END ITEM DESCRIPTION | AAE4: PUBLICATION NUMBER | AAL4: PUBLICATION DATE | AAP4: QUANTITY | AAS4: FOR ANNEX/CR ONLY | AAU4: END ITEM STOCK NUMBER | ABA4: END ITEM DESCRIPTION | ABI4: PUBLICATION NUMBER | ABP4: PUBLICATION DATE | ABT4: QUANTITY | ABW4: FOR ANNEX/CR ONLY | ABY4: END ITEM STOCK NUMBER | ACE4: END ITEM DESCRIPTION | ACM4: PUBLICATION NUMBER | ACT4: PUBLICATION DATE | ACX4: QUANTITY | ADA4: FOR ANNEX/CR ONLY | ADC4: END ITEM STOCK NUMBER | ADI4: END ITEM DESCRIPTION | ADQ4: PUBLICATION NUMBER | ADX4: PUBLICATION DATE | AEB4: QUANTITY | AEE4: FOR ANNEX/CR ONLY | AEG4: END ITEM STOCK NUMBER | AEM4: END ITEM DESCRIPTION | AEU4: PUBLICATION NUMBER | AFB4: PUBLICATION DATE | AFF4: QUANTITY | AFI4: FOR ANNEX/CR ONLY | AFK4: END ITEM STOCK NUMBER | AFQ4: END ITEM DESCRIPTION | AFY4: PUBLICATION NUMBER | AGF4: PUBLICATION DATE | AGJ4: QUANTITY | AGM4: FOR ANNEX/CR ONLY | AGO4: END ITEM STOCK NUMBER | AGU4: END ITEM DESCRIPTION | AHC4: PUBLICATION NUMBER | AHJ4: PUBLICATION DATE | AHN4: QUANTITY | AHQ4: FOR ANNEX/CR ONLY | AHS4: END ITEM STOCK NUMBER | AHY4: END ITEM DESCRIPTION | AIG4: PUBLICATION NUMBER | AIN4: PUBLICATION DATE | AIR4: QUANTITY | AIU4: FOR ANNEX/CR ONLY | AIW4: END ITEM STOCK NUMBER | AJC4: END ITEM DESCRIPTION | AJK4: PUBLICATION NUMBER | AJR4: PUBLICATION DATE | AJV4: QUANTITY | AJY4: FOR ANNEX/CR ONLY | AKA4: END ITEM STOCK NUMBER | AKG4: END ITEM DESCRIPTION | AKO4: PUBLICATION NUMBER | AKV4: PUBLICATION DATE | AKZ4: QUANTITY | ALC4: FOR ANNEX/CR ONLY | ALE4: END ITEM STOCK NUMBER | ALK4: END ITEM DESCRIPTION | ALS4: PUBLICATION NUMBER | ALZ4: PUBLICATION DATE | AMD4: QUANTITY | AMG4: FOR ANNEX/CR ONLY | AMI4: END ITEM STOCK NUMBER
A6: STOCK NUMBER | H6: ITEM DESCRIPTION | V6: SEC | W6: UI | X6: QTY AUTH | Y6: g. | Z6: QUANTITY | AE6: STOCK NUMBER | AL6: ITEM DESCRIPTION | AZ6: SEC | BA6: UI | BB6: QTY AUTH | BC6: g. | BD6: QUANTITY | BI6: STOCK NUMBER | BP6: ITEM DESCRIPTION | CD6: SEC | CE6: UI | CF6: QTY AUTH | CG6: g. | CH6: QUANTITY | CM6: STOCK NUMBER | CT6: ITEM DESCRIPTION | DH6: SEC | DI6: UI | DJ6: QTY AUTH | DK6: g. | DL6: QUANTITY | DQ6: STOCK NUMBER | DX6: ITEM DESCRIPTION | EL6: SEC | EM6: UI | EN6: QTY AUTH | EO6: g. | EP6: QUANTITY | EU6: STOCK NUMBER | FB6: ITEM DESCRIPTION | FP6: SEC | FQ6: UI | FR6: QTY AUTH | FS6: g. | FT6: QUANTITY | FY6: STOCK NUMBER | GF6: ITEM DESCRIPTION | GT6: SEC | GU6: UI | GV6: QTY AUTH | GW6: g. | GX6: QUANTITY | HC6: STOCK NUMBER | HJ6: ITEM DESCRIPTION | HX6: SEC | HY6: UI | HZ6: QTY AUTH | IA6: g. | IB6: QUANTITY | IG6: STOCK NUMBER | IN6: ITEM DESCRIPTION | JB6: SEC | JC6: UI | JD6: QTY AUTH | JE6: g. | JF6: QUANTITY | JK6: STOCK NUMBER | JR6: ITEM DESCRIPTION | KF6: SEC | KG6: UI | KH6: QTY AUTH | KI6: g. | KJ6: QUANTITY | KO6: STOCK NUMBER | KV6: ITEM DESCRIPTION | LJ6: SEC | LK6: UI | LL6: QTY AUTH | LM6: g. | LN6: QUANTITY | LS6: STOCK NUMBER | LZ6: ITEM DESCRIPTION | MN6: SEC | MO6: UI | MP6: QTY AUTH | MQ6: g. | MR6: QUANTITY | MW6: STOCK NUMBER | ND6: ITEM DESCRIPTION | NR6: SEC | NS6: UI | NT6: QTY AUTH | NU6: g. | NV6: QUANTITY | OA6: STOCK NUMBER | OH6: ITEM DESCRIPTION | OV6: SEC | OW6: UI | OX6: QTY AUTH | OY6: g. | OZ6: QUANTITY | PE6: STOCK NUMBER | PL6: ITEM DESCRIPTION | PZ6: SEC | QA6: UI | QB6: QTY AUTH | QC6: g. | QD6: QUANTITY | QI6: STOCK NUMBER | QP6: ITEM DESCRIPTION | RD6: SEC | RE6: UI | RF6: QTY AUTH | RG6: g. | RH6: QUANTITY | RM6: STOCK NUMBER | RT6: ITEM DESCRIPTION | SH6: SEC | SI6: UI | SJ6: QTY AUTH | SK6: g. | SL6: QUANTITY | SQ6: STOCK NUMBER | SX6: ITEM DESCRIPTION | TL6: SEC | TM6: UI | TN6: QTY AUTH | TO6: g. | TP6: QUANTITY | TU6: STOCK NUMBER | UB6: ITEM DESCRIPTION | UP6: SEC | UQ6: UI | UR6: QTY AUTH | US6: g. | UT6: QUANTITY | UY6: STOCK NUMBER | VF6: ITEM DESCRIPTION | VT6: SEC | VU6: UI | VV6: QTY AUTH | VW6: g. | VX6: QUANTITY | WC6: STOCK NUMBER | WJ6: ITEM DESCRIPTION | WX6: SEC | WY6: UI | WZ6: QTY AUTH | XA6: g. | XB6: QUANTITY | XG6: STOCK NUMBER | XN6: ITEM DESCRIPTION | YB6: SEC | YC6: UI | YD6: QTY AUTH | YE6: g. | YF6: QUANTITY | YK6: STOCK NUMBER | YR6: ITEM DESCRIPTION | ZF6: SEC | ZG6: UI | ZH6: QTY AUTH | ZI6: g. | ZJ6: QUANTITY | ZO6: STOCK NUMBER | ZV6: ITEM DESCRIPTION | AAJ6: SEC | AAK6: UI | AAL6: QTY AUTH | AAM6: g. | AAN6: QUANTITY | AAS6: STOCK NUMBER | AAZ6: ITEM DESCRIPTION | ABN6: SEC | ABO6: UI | ABP6: QTY AUTH | ABQ6: g. | ABR6: QUANTITY | ABW6: STOCK NUMBER | ACD6: ITEM DESCRIPTION | ACR6: SEC | ACS6: UI | ACT6: QTY AUTH | ACU6: g. | ACV6: QUANTITY | ADA6: STOCK NUMBER | ADH6: ITEM DESCRIPTION | ADV6: SEC | ADW6: UI | ADX6: QTY AUTH | ADY6: g. | ADZ6: QUANTITY | AEE6: STOCK NUMBER | AEL6: ITEM DESCRIPTION | AEZ6: SEC | AFA6: UI | AFB6: QTY AUTH | AFC6: g. | AFD6: QUANTITY | AFI6: STOCK NUMBER | AFP6: ITEM DESCRIPTION | AGD6: SEC | AGE6: UI | AGF6: QTY AUTH | AGG6: g. | AGH6: QUANTITY | AGM6: STOCK NUMBER | AGT6: ITEM DESCRIPTION | AHH6: SEC | AHI6: UI | AHJ6: QTY AUTH | AHK6: g. | AHL6: QUANTITY | AHQ6: STOCK NUMBER | AHX6: ITEM DESCRIPTION | AIL6: SEC | AIM6: UI | AIN6: QTY AUTH | AIO6: g. | AIP6: QUANTITY | AIU6: STOCK NUMBER | AJB6: ITEM DESCRIPTION | AJP6: SEC | AJQ6: UI | AJR6: QTY AUTH | AJS6: g. | AJT6: QUANTITY | AJY6: STOCK NUMBER | AKF6: ITEM DESCRIPTION | AKT6: SEC | AKU6: UI | AKV6: QTY AUTH | AKW6: g. | AKX6: QUANTITY | ALC6: STOCK NUMBER | ALJ6: ITEM DESCRIPTION | ALX6: SEC | ALY6: UI | ALZ6: QTY AUTH | AMA6: g. | AMB6: QUANTITY | AMG6: STOCK NUMBER
U7: * | AY7: * | CC7: * | DG7: * | EK7: * | FO7: * | GS7: * | HW7: * | JA7: * | KE7: * | LI7: * | MM7: * | NQ7: * | OU7: * | PY7: * | RC7: * | SG7: * | TK7: * | UO7: * | VS7: * | WW7: * | YA7: * | ZE7: * | AAI7: * | ABM7: * | ACQ7: * | ADU7: * | AEY7: * | AGC7: * | AHG7: * | AIK7: * | AJO7: * | AKS7: * | ALW7: *
A8: a. | H8: b. | U8: c. | V8: d. | W8: e. | X8: f. | Y8: A | Z8: B | AA8: C | AB8: D | AC8: E | AD8: F | AE8: a. | AL8: b. | AY8: c. | AZ8: d. | BA8: e. | BB8: f. | BC8: A | BD8: B | BE8: C | BF8: D | BG8: E | BH8: F | BI8: a. | BP8: b. | CC8: c. | CD8: d. | CE8: e. | CF8: f. | CG8: A | CH8: B | CI8: C | CJ8: D | CK8: E | CL8: F | CM8: a. | CT8: b. | DG8: c. | DH8: d. | DI8: e. | DJ8: f. | DK8: A | DL8: B | DM8: C | DN8: D | DO8: E | DP8: F | DQ8: a. | DX8: b. | EK8: c. | EL8: d. | EM8: e. | EN8: f. | EO8: A | EP8: B | EQ8: C | ER8: D | ES8: E | ET8: F | EU8: a. | FB8: b. | FO8: c. | FP8: d. | FQ8: e. | FR8: f. | FS8: A | FT8: B | FU8: C | FV8: D | FW8: E | FX8: F | FY8: a. | GF8: b. | GS8: c. | GT8: d. | GU8: e. | GV8: f. | GW8: A | GX8: B | GY8: C | GZ8: D | HA8: E | HB8: F | HC8: a. | HJ8: b. | HW8: c. | HX8: d. | HY8: e. | HZ8: f. | IA8: A | IB8: B | IC8: C | ID8: D | IE8: E | IF8: F | IG8: a. | IN8: b. | JA8: c. | JB8: d. | JC8: e. | JD8: f. | JE8: A | JF8: B | JG8: C | JH8: D | JI8: E | JJ8: F | JK8: a. | JR8: b. | KE8: c. | KF8: d. | KG8: e. | KH8: f. | KI8: A | KJ8: B | KK8: C | KL8: D | KM8: E | KN8: F | KO8: a. | KV8: b. | LI8: c. | LJ8: d. | LK8: e. | LL8: f. | LM8: A | LN8: B | LO8: C | LP8: D | LQ8: E | LR8: F | LS8: a. | LZ8: b. | MM8: c. | MN8: d. | MO8: e. | MP8: f. | MQ8: A | MR8: B | MS8: C | MT8: D | MU8: E | MV8: F | MW8: a. | ND8: b. | NQ8: c. | NR8: d. | NS8: e. | NT8: f. | NU8: A | NV8: B | NW8: C | NX8: D | NY8: E | NZ8: F | OA8: a. | OH8: b. | OU8: c. | OV8: d. | OW8: e. | OX8: f. | OY8: A | OZ8: B | PA8: C | PB8: D | PC8: E | PD8: F | PE8: a. | PL8: b. | PY8: c. | PZ8: d. | QA8: e. | QB8: f. | QC8: A | QD8: B | QE8: C | QF8: D | QG8: E | QH8: F | QI8: a. | QP8: b. | RC8: c. | RD8: d. | RE8: e. | RF8: f. | RG8: A | RH8: B | RI8: C | RJ8: D | RK8: E | RL8: F | RM8: a. | RT8: b. | SG8: c. | SH8: d. | SI8: e. | SJ8: f. | SK8: A | SL8: B | SM8: C | SN8: D | SO8: E | SP8: F | SQ8: a. | SX8: b. | TK8: c. | TL8: d. | TM8: e. | TN8: f. | TO8: A | TP8: B | TQ8: C | TR8: D | TS8: E | TT8: F | TU8: a. | UB8: b. | UO8: c. | UP8: d. | UQ8: e. | UR8: f. | US8: A | UT8: B | UU8: C | UV8: D | UW8: E | UX8: F | UY8: a. | VF8: b. | VS8: c. | VT8: d. | VU8: e. | VV8: f. | VW8: A | VX8: B | VY8: C | VZ8: D | WA8: E | WB8: F | WC8: a. | WJ8: b. | WW8: c. | WX8: d. | WY8: e. | WZ8: f. | XA8: A | XB8: B | XC8: C | XD8: D | XE8: E | XF8: F | XG8: a. | XN8: b. | YA8: c. | YB8: d. | YC8: e. | YD8: f. | YE8: A | YF8: B | YG8: C | YH8: D | YI8: E | YJ8: F | YK8: a. | YR8: b. | ZE8: c. | ZF8: d. | ZG8: e. | ZH8: f. | ZI8: A | ZJ8: B | ZK8: C | ZL8: D | ZM8: E | ZN8: F | ZO8: a. | ZV8: b. | AAI8: c. | AAJ8: d. | AAK8: e. | AAL8: f. | AAM8: A | AAN8: B | AAO8: C | AAP8: D | AAQ8: E | AAR8: F | AAS8: a. | AAZ8: b. | ABM8: c. | ABN8: d. | ABO8: e. | ABP8: f. | ABQ8: A | ABR8: B | ABS8: C | ABT8: D | ABU8: E | ABV8: F | ABW8: a. | ACD8: b. | ACQ8: c. | ACR8: d. | ACS8: e. | ACT8: f. | ACU8: A | ACV8: B | ACW8: C | ACX8: D | ACY8: E | ACZ8: F | ADA8: a. | ADH8: b. | ADU8: c. | ADV8: d. | ADW8: e. | ADX8: f. | ADY8: A | ADZ8: B | AEA8: C | AEB8: D | AEC8: E | AED8: F | AEE8: a. | AEL8: b. | AEY8: c. | AEZ8: d. | AFA8: e. | AFB8: f. | AFC8: A | AFD8: B | AFE8: C | AFF8: D | AFG8: E | AFH8: F | AFI8: a. | AFP8: b. | AGC8: c. | AGD8: d. | AGE8: e. | AGF8: f. | AGG8: A | AGH8: B | AGI8: C | AGJ8: D | AGK8: E | AGL8: F | AGM8: a. | AGT8: b. | AHG8: c. | AHH8: d. | AHI8: e. | AHJ8: f. | AHK8: A | AHL8: B | AHM8: C | AHN8: D | AHO8: E | AHP8: F | AHQ8: a. | AHX8: b. | AIK8: c. | AIL8: d. | AIM8: e. | AIN8: f. | AIO8: A | AIP8: B | AIQ8: C | AIR8: D | AIS8: E | AIT8: F | AIU8: a. | AJB8: b. | AJO8: c. | AJP8: d. | AJQ8: e. | AJR8: f. | AJS8: A | AJT8: B | AJU8: C | AJV8: D | AJW8: E | AJX8: F | AJY8: a. | AKF8: b. | AKS8: c. | AKT8: d. | AKU8: e. | AKV8: f. | AKW8: A | AKX8: B | AKY8: C | AKZ8: D | ALA8: E | ALB8: F | ALC8: a. | ALJ8: b. | ALW8: c. | ALX8: d. | ALY8: e. | ALZ8: f. | AMA8: A | AMB8: B | AMC8: C | AMD8: D | AME8: E | AMF8: F | AMG8: a.
A9: =AD2 -> 1 | H9: =MAL!H2 -> M4 | M9: SERIAL NUMBER: | P9: =MAL!I2 -> W010240 | W9: EA. | X9: 1 | AE9: =BH2 -> 2 | AL9: =MAL!H3 -> M4 | AQ9: SERIAL NUMBER: | AT9: =MAL!I3 -> W011008 | BA9: EA. | BB9: 1 | BI9: =CL2 -> 1 | BP9: =MAL!H2 -> M4 | BU9: SERIAL NUMBER: | BX9: =MAL!I2 -> W010240 | CE9: EA. | CF9: 1 | CM9: =DP2 -> 2 | CT9: =MAL!H3 -> M4 | CY9: SERIAL NUMBER: | DB9: =MAL!I3 -> W011008 | DI9: EA. | DJ9: 1 | DQ9: =ET2 -> #VALUE! | DX9: =#VALUE! -> #VALUE! | EC9: SERIAL NUMBER: | EF9: =#VALUE! -> #VALUE! | EM9: EA. | EN9: 1 | EU9: =FX2 -> MAL (V2)'!E | FB9: MAL (V2)'!J | FG9: SERIAL NUMBER: | FJ9: MAL (V2)'!K | FQ9: EA. | FR9: 1 | FY9: =HB2 -> MAL (V2)'!E | GF9: MAL (V2)'!J | GK9: SERIAL NUMBER: | GN9: MAL (V2)'!K | GU9: EA. | GV9: 1 | HC9: =IF2 -> 0 | HJ9: =MAL!HK2 -> 0 | HO9: SERIAL NUMBER: | HR9: =MAL!HL2 -> 0 | HY9: EA. | HZ9: 1 | IG9: =JJ2 -> #VALUE! | IN9: =#VALUE! -> #VALUE! | IS9: SERIAL NUMBER: | IV9: =#VALUE! -> #VALUE! | JC9: EA. | JD9: 1 | JK9: =KN2 -> 0 | JR9: =MAL!HK2 -> 0 | JW9: SERIAL NUMBER: | JZ9: =MAL!HL2 -> 0 | KG9: EA. | KH9: 1 | KO9: =LR2 -> 0 | KV9: =MAL!HK3 -> 0 | LA9: SERIAL NUMBER: | LD9: =MAL!HL3 -> 0 | LK9: EA. | LL9: 1 | LS9: =MV2 -> #VALUE! | LZ9: =#VALUE! -> #VALUE! | ME9: SERIAL NUMBER: | MH9: =#VALUE! -> #VALUE! | MO9: EA. | MP9: 1 | MW9: =NZ2 -> MAL (V2)'!E | ND9: MAL (V2)'!J | NI9: SERIAL NUMBER: | NL9: MAL (V2)'!K | NS9: EA. | NT9: 1 | OA9: =PD2 -> MAL (V2)'!E | OH9: MAL (V2)'!J | OM9: SERIAL NUMBER: | OP9: MAL (V2)'!K | OW9: EA. | OX9: 1 | PE9: =QH2 -> 0 | PL9: =MAL!PM2 -> 0 | PQ9: SERIAL NUMBER: | PT9: =MAL!PN2 -> 0 | QA9: EA. | QB9: 1 | QI9: =RL2 -> #VALUE! | QP9: =#VALUE! -> #VALUE! | QU9: SERIAL NUMBER: | QX9: =#VALUE! -> #VALUE! | RE9: EA. | RF9: 1 | RM9: =SP2 -> 0 | RT9: =MAL!PM2 -> 0 | RY9: SERIAL NUMBER: | SB9: =MAL!PN2 -> 0 | SI9: EA. | SJ9: 1 | SQ9: =TT2 -> 0 | SX9: =MAL!PM3 -> 0 | TC9: SERIAL NUMBER: | TF9: =MAL!PN3 -> 0 | TM9: EA. | TN9: 1 | TU9: =UX2 -> #VALUE! | UB9: =#VALUE! -> #VALUE! | UG9: SERIAL NUMBER: | UJ9: =#VALUE! -> #VALUE! | UQ9: EA. | UR9: 1 | UY9: =WB2 -> MAL (V2)'!E | VF9: MAL (V2)'!J | VK9: SERIAL NUMBER: | VN9: MAL (V2)'!K | VU9: EA. | VV9: 1 | WC9: =XF2 -> MAL (V2)'!E | WJ9: MAL (V2)'!J | WO9: SERIAL NUMBER: | WR9: MAL (V2)'!K | WY9: EA. | WZ9: 1 | XG9: =YJ2 -> 0 | XN9: =MAL!XO2 -> 0 | XS9: SERIAL NUMBER: | XV9: =MAL!XP2 -> 0 | YC9: EA. | YD9: 1 | YK9: =ZN2 -> #VALUE! | YR9: =#VALUE! -> #VALUE! | YW9: SERIAL NUMBER: | YZ9: =#VALUE! -> #VALUE! | ZG9: EA. | ZH9: 1 | ZO9: =AAR2 -> 0 | ZV9: =MAL!XO2 -> 0 | AAA9: SERIAL NUMBER: | AAD9: =MAL!XP2 -> 0 | AAK9: EA. | AAL9: 1 | AAS9: =ABV2 -> 0 | AAZ9: =MAL!XO3 -> 0 | ABE9: SERIAL NUMBER: | ABH9: =MAL!XP3 -> 0 | ABO9: EA. | ABP9: 1 | ABW9: =ACZ2 -> #VALUE! | ACD9: =#VALUE! -> #VALUE! | ACI9: SERIAL NUMBER: | ACL9: =#VALUE! -> #VALUE! | ACS9: EA. | ACT9: 1 | ADA9: =AED2 -> MAL (V2)'!E | ADH9: MAL (V2)'!J | ADM9: SERIAL NUMBER: | ADP9: MAL (V2)'!K | ADW9: EA. | ADX9: 1 | AEE9: =AFH2 -> MAL (V2)'!E | AEL9: MAL (V2)'!J | AEQ9: SERIAL NUMBER: | AET9: MAL (V2)'!K | AFA9: EA. | AFB9: 1 | AFI9: =AGL2 -> 0 | AFP9: =MAL!AFQ2 -> 0 | AFU9: SERIAL NUMBER: | AFX9: =MAL!AFR2 -> 0 | AGE9: EA. | AGF9: 1 | AGM9: =AHP2 -> #VALUE! | AGT9: =#VALUE! -> #VALUE! | AGY9: SERIAL NUMBER: | AHB9: =#VALUE! -> #VALUE! | AHI9: EA. | AHJ9: 1 | AHQ9: =AIT2 -> 0 | AHX9: =MAL!AFQ2 -> 0 | AIC9: SERIAL NUMBER: | AIF9: =MAL!AFR2 -> 0 | AIM9: EA. | AIN9: 1 | AIU9: =AJX2 -> 0 | AJB9: =MAL!AFQ3 -> 0 | AJG9: SERIAL NUMBER: | AJJ9: =MAL!AFR3 -> 0 | AJQ9: EA. | AJR9: 1 | AJY9: =ALB2 -> #VALUE! | AKF9: =#VALUE! -> #VALUE! | AKK9: SERIAL NUMBER: | AKN9: =#VALUE! -> #VALUE! | AKU9: EA. | AKV9: 1 | ALC9: =AMF2 -> MAL (V2)'!E | ALJ9: MAL (V2)'!J | ALO9: SERIAL NUMBER: | ALR9: MAL (V2)'!K | ALY9: EA. | ALZ9: 1 | AMG9: =ANJ2 -> 0
H10: =#VALUE! -> #VALUE! | M10: SERIAL NUMBER: | P10: =#VALUE! -> #VALUE! | W10: EA. | X10: 1 | AL10: =MAL!J9 -> ACOG | AQ10: SERIAL NUMBER: | AT10: =MAL!K9 -> 766525/077896 | BA10: EA. | BB10: 1 | BP10: =MAL!J2 -> ACOG | BU10: SERIAL NUMBER: | BX10: =MAL!K2 -> 766522/077943 | CE10: EA. | CF10: 1 | CT10: =MAL!J9 -> ACOG | CY10: SERIAL NUMBER: | DB10: =MAL!K9 -> 766525/077896 | DI10: EA. | DJ10: 1 | DX10: =#VALUE! -> #VALUE! | EC10: SERIAL NUMBER: | EF10: =#VALUE! -> #VALUE! | EM10: EA. | EN10: 1 | FB10: MAL (V2)'!L | FG10: SERIAL NUMBER: | FJ10: MAL (V2)'M | FQ10: EA. | FR10: 1 | GF10: MAL (V2)'!L | GK10: SERIAL NUMBER: | GN10: MAL (V2)'M | GU10: EA. | GV10: 1 | HJ10: =#VALUE! -> #VALUE! | HO10: SERIAL NUMBER: | HR10: =#VALUE! -> #VALUE! | HY10: EA. | HZ10: 1 | IN10: =#VALUE! -> #VALUE! | IS10: SERIAL NUMBER: | IV10: =#VALUE! -> #VALUE! | JC10: EA. | JD10: 1 | JR10: =MAL!HM2 -> 0 | JW10: SERIAL NUMBER: | JZ10: =MAL!HN2 -> 0 | KG10: EA. | KH10: 1 | KV10: =MAL!HM3 -> 0 | LA10: SERIAL NUMBER: | LD10: =MAL!HN3 -> 0 | LK10: EA. | LL10: 1 | LZ10: =#VALUE! -> #VALUE! | ME10: SERIAL NUMBER: | MH10: =#VALUE! -> #VALUE! | MO10: EA. | MP10: 1 | ND10: MAL (V2)'!L | NI10: SERIAL NUMBER: | NL10: MAL (V2)'M | NS10: EA. | NT10: 1 | OH10: MAL (V2)'!L | OM10: SERIAL NUMBER: | OP10: MAL (V2)'M | OW10: EA. | OX10: 1 | PL10: =#VALUE! -> #VALUE! | PQ10: SERIAL NUMBER: | PT10: =#VALUE! -> #VALUE! | QA10: EA. | QB10: 1 | QP10: =#VALUE! -> #VALUE! | QU10: SERIAL NUMBER: | QX10: =#VALUE! -> #VALUE! | RE10: EA. | RF10: 1 | RT10: =MAL!PO2 -> 0 | RY10: SERIAL NUMBER: | SB10: =MAL!PP2 -> 0 | SI10: EA. | SJ10: 1 | SX10: =MAL!PO3 -> 0 | TC10: SERIAL NUMBER: | TF10: =MAL!PP3 -> 0 | TM10: EA. | TN10: 1 | UB10: =#VALUE! -> #VALUE! | UG10: SERIAL NUMBER: | UJ10: =#VALUE! -> #VALUE! | UQ10: EA. | UR10: 1 | VF10: MAL (V2)'!L | VK10: SERIAL NUMBER: | VN10: MAL (V2)'M | VU10: EA. | VV10: 1 | WJ10: MAL (V2)'!L | WO10: SERIAL NUMBER: | WR10: MAL (V2)'M | WY10: EA. | WZ10: 1 | XN10: =#VALUE! -> #VALUE! | XS10: SERIAL NUMBER: | XV10: =#VALUE! -> #VALUE! | YC10: EA. | YD10: 1 | YR10: =#VALUE! -> #VALUE! | YW10: SERIAL NUMBER: | YZ10: =#VALUE! -> #VALUE! | ZG10: EA. | ZH10: 1 | ZV10: =MAL!XQ2 -> 0 | AAA10: SERIAL NUMBER: | AAD10: =MAL!XR2 -> 0 | AAK10: EA. | AAL10: 1 | AAZ10: =MAL!XQ3 -> 0 | ABE10: SERIAL NUMBER: | ABH10: =MAL!XR3 -> 0 | ABO10: EA. | ABP10: 1 | ACD10: =#VALUE! -> #VALUE! | ACI10: SERIAL NUMBER: | ACL10: =#VALUE! -> #VALUE! | ACS10: EA. | ACT10: 1 | ADH10: MAL (V2)'!L | ADM10: SERIAL NUMBER: | ADP10: MAL (V2)'M | ADW10: EA. | ADX10: 1 | AEL10: MAL (V2)'!L | AEQ10: SERIAL NUMBER: | AET10: MAL (V2)'M | AFA10: EA. | AFB10: 1 | AFP10: =#VALUE! -> #VALUE! | AFU10: SERIAL NUMBER: | AFX10: =#VALUE! -> #VALUE! | AGE10: EA. | AGF10: 1 | AGT10: =#VALUE! -> #VALUE! | AGY10: SERIAL NUMBER: | AHB10: =#VALUE! -> #VALUE! | AHI10: EA. | AHJ10: 1 | AHX10: =MAL!AFS2 -> 0 | AIC10: SERIAL NUMBER: | AIF10: =MAL!AFT2 -> 0 | AIM10: EA. | AIN10: 1 | AJB10: =MAL!AFS3 -> 0 | AJG10: SERIAL NUMBER: | AJJ10: =MAL!AFT3 -> 0 | AJQ10: EA. | AJR10: 1 | AKF10: =#VALUE! -> #VALUE! | AKK10: SERIAL NUMBER: | AKN10: =#VALUE! -> #VALUE! | AKU10: EA. | AKV10: 1 | ALJ10: MAL (V2)'!L | ALO10: SERIAL NUMBER: | ALR10: MAL (V2)'M | ALY10: EA. | ALZ10: 1
H11: =MAL!L2 -> PEQ-15 | M11: SERIAL NUMBER: | P11: =#VALUE! -> #VALUE! | W11: EA. | X11: 1 | AL11: =MAL!L3 -> PEQ-15 | AQ11: SERIAL NUMBER: | AT11: =MAL!M3 -> 439044 | BA11: EA. | BB11: 1 | BP11: =MAL!L2 -> PEQ-15 | BU11: SERIAL NUMBER: | BX11: =MAL!M2 -> 239025 | CE11: EA. | CF11: 1 | CT11: =MAL!L3 -> PEQ-15 | CY11: SERIAL NUMBER: | DB11: =MAL!M3 -> 439044 | DI11: EA. | DJ11: 1 | DX11: =#VALUE! -> #VALUE! | EC11: SERIAL NUMBER: | EF11: =#VALUE! -> #VALUE! | EM11: EA. | EN11: 1 | FB11: MAL (V2)'!N | FG11: SERIAL NUMBER: | FJ11: MAL (V2)'!O | FQ11: EA. | FR11: 1 | GF11: MAL (V2)'!N | GK11: SERIAL NUMBER: | GN11: MAL (V2)'!O | GU11: EA. | GV11: 1 | HJ11: =MAL!HO2 -> 0 | HO11: SERIAL NUMBER: | HR11: =#VALUE! -> #VALUE! | HY11: EA. | HZ11: 1 | IN11: =#VALUE! -> #VALUE! | IS11: SERIAL NUMBER: | IV11: =#VALUE! -> #VALUE! | JC11: EA. | JD11: 1 | JR11: =MAL!HO2 -> 0 | JW11: SERIAL NUMBER: | JZ11: =MAL!HP2 -> 0 | KG11: EA. | KH11: 1 | KV11: =MAL!HO3 -> 0 | LA11: SERIAL NUMBER: | LD11: =MAL!HP3 -> 0 | LK11: EA. | LL11: 1 | LZ11: =#VALUE! -> #VALUE! | ME11: SERIAL NUMBER: | MH11: =#VALUE! -> #VALUE! | MO11: EA. | MP11: 1 | ND11: MAL (V2)'!N | NI11: SERIAL NUMBER: | NL11: MAL (V2)'!O | NS11: EA. | NT11: 1 | OH11: MAL (V2)'!N | OM11: SERIAL NUMBER: | OP11: MAL (V2)'!O | OW11: EA. | OX11: 1 | PL11: =MAL!PQ2 -> 0 | PQ11: SERIAL NUMBER: | PT11: =#VALUE! -> #VALUE! | QA11: EA. | QB11: 1 | QP11: =#VALUE! -> #VALUE! | QU11: SERIAL NUMBER: | QX11: =#VALUE! -> #VALUE! | RE11: EA. | RF11: 1 | RT11: =MAL!PQ2 -> 0 | RY11: SERIAL NUMBER: | SB11: =MAL!PR2 -> 0 | SI11: EA. | SJ11: 1 | SX11: =MAL!PQ3 -> 0 | TC11: SERIAL NUMBER: | TF11: =MAL!PR3 -> 0 | TM11: EA. | TN11: 1 | UB11: =#VALUE! -> #VALUE! | UG11: SERIAL NUMBER: | UJ11: =#VALUE! -> #VALUE! | UQ11: EA. | UR11: 1 | VF11: MAL (V2)'!N | VK11: SERIAL NUMBER: | VN11: MAL (V2)'!O | VU11: EA. | VV11: 1 | WJ11: MAL (V2)'!N | WO11: SERIAL NUMBER: | WR11: MAL (V2)'!O | WY11: EA. | WZ11: 1 | XN11: =MAL!XS2 -> 0 | XS11: SERIAL NUMBER: | XV11: =#VALUE! -> #VALUE! | YC11: EA. | YD11: 1 | YR11: =#VALUE! -> #VALUE! | YW11: SERIAL NUMBER: | YZ11: =#VALUE! -> #VALUE! | ZG11: EA. | ZH11: 1 | ZV11: =MAL!XS2 -> 0 | AAA11: SERIAL NUMBER: | AAD11: =MAL!XT2 -> 0 | AAK11: EA. | AAL11: 1 | AAZ11: =MAL!XS3 -> 0 | ABE11: SERIAL NUMBER: | ABH11: =MAL!XT3 -> 0 | ABO11: EA. | ABP11: 1 | ACD11: =#VALUE! -> #VALUE! | ACI11: SERIAL NUMBER: | ACL11: =#VALUE! -> #VALUE! | ACS11: EA. | ACT11: 1 | ADH11: MAL (V2)'!N | ADM11: SERIAL NUMBER: | ADP11: MAL (V2)'!O | ADW11: EA. | ADX11: 1 | AEL11: MAL (V2)'!N | AEQ11: SERIAL NUMBER: | AET11: MAL (V2)'!O | AFA11: EA. | AFB11: 1 | AFP11: =MAL!AFU2 -> 0 | AFU11: SERIAL NUMBER: | AFX11: =#VALUE! -> #VALUE! | AGE11: EA. | AGF11: 1 | AGT11: =#VALUE! -> #VALUE! | AGY11: SERIAL NUMBER: | AHB11: =#VALUE! -> #VALUE! | AHI11: EA. | AHJ11: 1 | AHX11: =MAL!AFU2 -> 0 | AIC11: SERIAL NUMBER: | AIF11: =MAL!AFV2 -> 0 | AIM11: EA. | AIN11: 1 | AJB11: =MAL!AFU3 -> 0 | AJG11: SERIAL NUMBER: | AJJ11: =MAL!AFV3 -> 0 | AJQ11: EA. | AJR11: 1 | AKF11: =#VALUE! -> #VALUE! | AKK11: SERIAL NUMBER: | AKN11: =#VALUE! -> #VALUE! | AKU11: EA. | AKV11: 1 | ALJ11: MAL (V2)'!N | ALO11: SERIAL NUMBER: | ALR11: MAL (V2)'!O | ALY11: EA. | ALZ11: 1
H12: =MAL!W2 -> 0 | M12: SERIAL NUMBER: | P12: =MAL!X2 -> 0 | W12: EA. | X12: 0 | AL12: =MAL!W3 -> 0 | AQ12: SERIAL NUMBER: | AT12: =MAL!X3 -> 0 | BA12: EA. | BB12: 0 | BP12: =MAL!W2 -> 0 | BU12: SERIAL NUMBER: | BX12: =MAL!X2 -> 0 | CE12: EA. | CF12: 0 | CT12: =MAL!W3 -> 0 | CY12: SERIAL NUMBER: | DB12: =MAL!X3 -> 0 | DI12: EA. | DJ12: 0 | DX12: =#VALUE! -> #VALUE! | EC12: SERIAL NUMBER: | EF12: =#VALUE! -> #VALUE! | EM12: EA. | EN12: 0 | FB12: MAL (V2)'!P | FG12: SERIAL NUMBER: | FJ12: MAL (V2)'!Q | FQ12: EA. | FR12: 0 | GF12: MAL (V2)'!P | GK12: SERIAL NUMBER: | GN12: MAL (V2)'!Q | GU12: EA. | GV12: 0 | HJ12: =MAL!HQ2 -> 0 | HO12: SERIAL NUMBER: | HR12: =MAL!HR2 -> 0 | HY12: EA. | HZ12: 0 | IN12: =#VALUE! -> #VALUE! | IS12: SERIAL NUMBER: | IV12: =#VALUE! -> #VALUE! | JC12: EA. | JD12: 0 | JR12: =MAL!HQ2 -> 0 | JW12: SERIAL NUMBER: | JZ12: =MAL!HR2 -> 0 | KG12: EA. | KH12: 0 | KV12: =MAL!HQ3 -> 0 | LA12: SERIAL NUMBER: | LD12: =MAL!HR3 -> 0 | LK12: EA. | LL12: 0 | LZ12: =#VALUE! -> #VALUE! | ME12: SERIAL NUMBER: | MH12: =#VALUE! -> #VALUE! | MO12: EA. | MP12: 0 | ND12: MAL (V2)'!P | NI12: SERIAL NUMBER: | NL12: MAL (V2)'!Q | NS12: EA. | NT12: 0 | OH12: MAL (V2)'!P | OM12: SERIAL NUMBER: | OP12: MAL (V2)'!Q | OW12: EA. | OX12: 0 | PL12: =MAL!PS2 -> 0 | PQ12: SERIAL NUMBER: | PT12: =MAL!PT2 -> 0 | QA12: EA. | QB12: 0 | QP12: =#VALUE! -> #VALUE! | QU12: SERIAL NUMBER: | QX12: =#VALUE! -> #VALUE! | RE12: EA. | RF12: 0 | RT12: =MAL!PS2 -> 0 | RY12: SERIAL NUMBER: | SB12: =MAL!PT2 -> 0 | SI12: EA. | SJ12: 0 | SX12: =MAL!PS3 -> 0 | TC12: SERIAL NUMBER: | TF12: =MAL!PT3 -> 0 | TM12: EA. | TN12: 0 | UB12: =#VALUE! -> #VALUE! | UG12: SERIAL NUMBER: | UJ12: =#VALUE! -> #VALUE! | UQ12: EA. | UR12: 0 | VF12: MAL (V2)'!P | VK12: SERIAL NUMBER: | VN12: MAL (V2)'!Q | VU12: EA. | VV12: 0 | WJ12: MAL (V2)'!P | WO12: SERIAL NUMBER: | WR12: MAL (V2)'!Q | WY12: EA. | WZ12: 0 | XN12: =MAL!XU2 -> 0 | XS12: SERIAL NUMBER: | XV12: =MAL!XV2 -> 0 | YC12: EA. | YD12: 0 | YR12: =#VALUE! -> #VALUE! | YW12: SERIAL NUMBER: | YZ12: =#VALUE! -> #VALUE! | ZG12: EA. | ZH12: 0 | ZV12: =MAL!XU2 -> 0 | AAA12: SERIAL NUMBER: | AAD12: =MAL!XV2 -> 0 | AAK12: EA. | AAL12: 0 | AAZ12: =MAL!XU3 -> 0 | ABE12: SERIAL NUMBER: | ABH12: =MAL!XV3 -> 0 | ABO12: EA. | ABP12: 0 | ACD12: =#VALUE! -> #VALUE! | ACI12: SERIAL NUMBER: | ACL12: =#VALUE! -> #VALUE! | ACS12: EA. | ACT12: 0 | ADH12: MAL (V2)'!P | ADM12: SERIAL NUMBER: | ADP12: MAL (V2)'!Q | ADW12: EA. | ADX12: 0 | AEL12: MAL (V2)'!P | AEQ12: SERIAL NUMBER: | AET12: MAL (V2)'!Q | AFA12: EA. | AFB12: 0 | AFP12: =MAL!AFW2 -> 0 | AFU12: SERIAL NUMBER: | AFX12: =MAL!AFX2 -> 0 | AGE12: EA. | AGF12: 0 | AGT12: =#VALUE! -> #VALUE! | AGY12: SERIAL NUMBER: | AHB12: =#VALUE! -> #VALUE! | AHI12: EA. | AHJ12: 0 | AHX12: =MAL!AFW2 -> 0 | AIC12: SERIAL NUMBER: | AIF12: =MAL!AFX2 -> 0 | AIM12: EA. | AIN12: 0 | AJB12: =MAL!AFW3 -> 0 | AJG12: SERIAL NUMBER: | AJJ12: =MAL!AFX3 -> 0 | AJQ12: EA. | AJR12: 0 | AKF12: =#VALUE! -> #VALUE! | AKK12: SERIAL NUMBER: | AKN12: =#VALUE! -> #VALUE! | AKU12: EA. | AKV12: 0 | ALJ12: MAL (V2)'!P | ALO12: SERIAL NUMBER: | ALR12: MAL (V2)'!Q | ALY12: EA. | ALZ12: 0
A13: =MAL!Z2 -> 0 | H13: =MAL!Y2 -> 0 | M13: SERIAL NUMBER: | P13: =MAL!AA2 -> 0 | W13: EA. | X13: 1 | AE13: =MAL!Z3 -> 0 | AL13: =MAL!Y3 -> 0 | AQ13: SERIAL NUMBER: | AT13: =MAL!AA3 -> 0 | BA13: EA. | BB13: 1 | BI13: =MAL!Z2 -> 0 | BP13: =MAL!Y2 -> 0 | BU13: SERIAL NUMBER: | BX13: =MAL!AA2 -> 0 | CE13: EA. | CF13: 1 | CM13: =MAL!Z3 -> 0 | CT13: =MAL!Y3 -> 0 | CY13: SERIAL NUMBER: | DB13: =MAL!AA3 -> 0 | DI13: EA. | DJ13: 1 | DQ13: =#VALUE! -> #VALUE! | DX13: =#VALUE! -> #VALUE! | EC13: SERIAL NUMBER: | EF13: =#VALUE! -> #VALUE! | EM13: EA. | EN13: 1 | EU13: MAL (V2)'!S | FB13: MAL (V2)'!R | FG13: SERIAL NUMBER: | FJ13: MAL (V2)'!T | FQ13: EA. | FR13: 1 | FY13: MAL (V2)'!S | GF13: MAL (V2)'!R | GK13: SERIAL NUMBER: | GN13: MAL (V2)'!T | GU13: EA. | GV13: 1 | HC13: =MAL!HT2 -> 0 | HJ13: =MAL!HS2 -> 0 | HO13: SERIAL NUMBER: | HR13: =MAL!HU2 -> 0 | HY13: EA. | HZ13: 1 | IG13: =#VALUE! -> #VALUE! | IN13: =#VALUE! -> #VALUE! | IS13: SERIAL NUMBER: | IV13: =#VALUE! -> #VALUE! | JC13: EA. | JD13: 1 | JK13: =MAL!HT2 -> 0 | JR13: =MAL!HS2 -> 0 | JW13: SERIAL NUMBER: | JZ13: =MAL!HU2 -> 0 | KG13: EA. | KH13: 1 | KO13: =MAL!HT3 -> 0 | KV13: =MAL!HS3 -> 0 | LA13: SERIAL NUMBER: | LD13: =MAL!HU3 -> 0 | LK13: EA. | LL13: 1 | LS13: =#VALUE! -> #VALUE! | LZ13: =#VALUE! -> #VALUE! | ME13: SERIAL NUMBER: | MH13: =#VALUE! -> #VALUE! | MO13: EA. | MP13: 1 | MW13: MAL (V2)'!S | ND13: MAL (V2)'!R | NI13: SERIAL NUMBER: | NL13: MAL (V2)'!T | NS13: EA. | NT13: 1 | OA13: MAL (V2)'!S | OH13: MAL (V2)'!R | OM13: SERIAL NUMBER: | OP13: MAL (V2)'!T | OW13: EA. | OX13: 1 | PE13: =MAL!PV2 -> 0 | PL13: =MAL!PU2 -> 0 | PQ13: SERIAL NUMBER: | PT13: =MAL!PW2 -> 0 | QA13: EA. | QB13: 1 | QI13: =#VALUE! -> #VALUE! | QP13: =#VALUE! -> #VALUE! | QU13: SERIAL NUMBER: | QX13: =#VALUE! -> #VALUE! | RE13: EA. | RF13: 1 | RM13: =MAL!PV2 -> 0 | RT13: =MAL!PU2 -> 0 | RY13: SERIAL NUMBER: | SB13: =MAL!PW2 -> 0 | SI13: EA. | SJ13: 1 | SQ13: =MAL!PV3 -> 0 | SX13: =MAL!PU3 -> 0 | TC13: SERIAL NUMBER: | TF13: =MAL!PW3 -> 0 | TM13: EA. | TN13: 1 | TU13: =#VALUE! -> #VALUE! | UB13: =#VALUE! -> #VALUE! | UG13: SERIAL NUMBER: | UJ13: =#VALUE! -> #VALUE! | UQ13: EA. | UR13: 1 | UY13: MAL (V2)'!S | VF13: MAL (V2)'!R | VK13: SERIAL NUMBER: | VN13: MAL (V2)'!T | VU13: EA. | VV13: 1 | WC13: MAL (V2)'!S | WJ13: MAL (V2)'!R | WO13: SERIAL NUMBER: | WR13: MAL (V2)'!T | WY13: EA. | WZ13: 1 | XG13: =MAL!XX2 -> 0 | XN13: =MAL!XW2 -> 0 | XS13: SERIAL NUMBER: | XV13: =MAL!XY2 -> 0 | YC13: EA. | YD13: 1 | YK13: =#VALUE! -> #VALUE! | YR13: =#VALUE! -> #VALUE! | YW13: SERIAL NUMBER: | YZ13: =#VALUE! -> #VALUE! | ZG13: EA. | ZH13: 1 | ZO13: =MAL!XX2 -> 0 | ZV13: =MAL!XW2 -> 0 | AAA13: SERIAL NUMBER: | AAD13: =MAL!XY2 -> 0 | AAK13: EA. | AAL13: 1 | AAS13: =MAL!XX3 -> 0 | AAZ13: =MAL!XW3 -> 0 | ABE13: SERIAL NUMBER: | ABH13: =MAL!XY3 -> 0 | ABO13: EA. | ABP13: 1 | ABW13: =#VALUE! -> #VALUE! | ACD13: =#VALUE! -> #VALUE! | ACI13: SERIAL NUMBER: | ACL13: =#VALUE! -> #VALUE! | ACS13: EA. | ACT13: 1 | ADA13: MAL (V2)'!S | ADH13: MAL (V2)'!R | ADM13: SERIAL NUMBER: | ADP13: MAL (V2)'!T | ADW13: EA. | ADX13: 1 | AEE13: MAL (V2)'!S | AEL13: MAL (V2)'!R | AEQ13: SERIAL NUMBER: | AET13: MAL (V2)'!T | AFA13: EA. | AFB13: 1 | AFI13: =MAL!AFZ2 -> 0 | AFP13: =MAL!AFY2 -> 0 | AFU13: SERIAL NUMBER: | AFX13: =MAL!AGA2 -> 0 | AGE13: EA. | AGF13: 1 | AGM13: =#VALUE! -> #VALUE! | AGT13: =#VALUE! -> #VALUE! | AGY13: SERIAL NUMBER: | AHB13: =#VALUE! -> #VALUE! | AHI13: EA. | AHJ13: 1 | AHQ13: =MAL!AFZ2 -> 0 | AHX13: =MAL!AFY2 -> 0 | AIC13: SERIAL NUMBER: | AIF13: =MAL!AGA2 -> 0 | AIM13: EA. | AIN13: 1 | AIU13: =MAL!AFZ3 -> 0 | AJB13: =MAL!AFY3 -> 0 | AJG13: SERIAL NUMBER: | AJJ13: =MAL!AGA3 -> 0 | AJQ13: EA. | AJR13: 1 | AJY13: =#VALUE! -> #VALUE! | AKF13: =#VALUE! -> #VALUE! | AKK13: SERIAL NUMBER: | AKN13: =#VALUE! -> #VALUE! | AKU13: EA. | AKV13: 1 | ALC13: MAL (V2)'!S | ALJ13: MAL (V2)'!R | ALO13: SERIAL NUMBER: | ALR13: MAL (V2)'!T | ALY13: EA. | ALZ13: 1 | AMG13: MAL (V2)'!S
H14: =MAL!N2 -> PVS-14 | M14: SERIAL NUMBER: | P14: =MAL!O2 -> 6542869 | W14: EA. | X14: 1 | AL14: =MAL!N3 -> PVS-14 | AQ14: SERIAL NUMBER: | AT14: =MAL!O26 -> 74106860 | BA14: EA. | BB14: 1 | BP14: =MAL!N2 -> PVS-14 | BU14: SERIAL NUMBER: | BX14: =MAL!O2 -> 6542869 | CE14: EA. | CF14: 1 | CT14: =MAL!N3 -> PVS-14 | CY14: SERIAL NUMBER: | DB14: =MAL!O26 -> 74106860 | DI14: EA. | DJ14: 1 | DX14: =#VALUE! -> #VALUE! | EC14: SERIAL NUMBER: | EF14: =#VALUE! -> #VALUE! | EM14: EA. | EN14: 1 | FB14: MAL (V2)'!U | FG14: SERIAL NUMBER: | FJ14: MAL (V2)'!V | FQ14: EA. | FR14: 1 | GF14: MAL (V2)'!U | GK14: SERIAL NUMBER: | GN14: MAL (V2)'!V | GU14: EA. | GV14: 1 | HJ14: =MAL!HV2 -> 0 | HO14: SERIAL NUMBER: | HR14: =MAL!HW2 -> 0 | HY14: EA. | HZ14: 1 | IN14: =#VALUE! -> #VALUE! | IS14: SERIAL NUMBER: | IV14: =#VALUE! -> #VALUE! | JC14: EA. | JD14: 1 | JR14: =MAL!HV2 -> 0 | JW14: SERIAL NUMBER: | JZ14: =MAL!HW2 -> 0 | KG14: EA. | KH14: 1 | KV14: =MAL!HV3 -> 0 | LA14: SERIAL NUMBER: | LD14: =MAL!HW3 -> 0 | LK14: EA. | LL14: 1 | LZ14: =#VALUE! -> #VALUE! | ME14: SERIAL NUMBER: | MH14: =#VALUE! -> #VALUE! | MO14: EA. | MP14: 1 | ND14: MAL (V2)'!U | NI14: SERIAL NUMBER: | NL14: MAL (V2)'!V | NS14: EA. | NT14: 1 | OH14: MAL (V2)'!U | OM14: SERIAL NUMBER: | OP14: MAL (V2)'!V | OW14: EA. | OX14: 1 | PL14: =MAL!PX2 -> 0 | PQ14: SERIAL NUMBER: | PT14: =MAL!PY2 -> 0 | QA14: EA. | QB14: 1 | QP14: =#VALUE! -> #VALUE! | QU14: SERIAL NUMBER: | QX14: =#VALUE! -> #VALUE! | RE14: EA. | RF14: 1 | RT14: =MAL!PX2 -> 0 | RY14: SERIAL NUMBER: | SB14: =MAL!PY2 -> 0 | SI14: EA. | SJ14: 1 | SX14: =MAL!PX3 -> 0 | TC14: SERIAL NUMBER: | TF14: =MAL!PY3 -> 0 | TM14: EA. | TN14: 1 | UB14: =#VALUE! -> #VALUE! | UG14: SERIAL NUMBER: | UJ14: =#VALUE! -> #VALUE! | UQ14: EA. | UR14: 1 | VF14: MAL (V2)'!U | VK14: SERIAL NUMBER: | VN14: MAL (V2)'!V | VU14: EA. | VV14: 1 | WJ14: MAL (V2)'!U | WO14: SERIAL NUMBER: | WR14: MAL (V2)'!V | WY14: EA. | WZ14: 1 | XN14: =MAL!XZ2 -> 0 | XS14: SERIAL NUMBER: | XV14: =MAL!YA2 -> 0 | YC14: EA. | YD14: 1 | YR14: =#VALUE! -> #VALUE! | YW14: SERIAL NUMBER: | YZ14: =#VALUE! -> #VALUE! | ZG14: EA. | ZH14: 1 | ZV14: =MAL!XZ2 -> 0 | AAA14: SERIAL NUMBER: | AAD14: =MAL!YA2 -> 0 | AAK14: EA. | AAL14: 1 | AAZ14: =MAL!XZ3 -> 0 | ABE14: SERIAL NUMBER: | ABH14: =MAL!YA3 -> 0 | ABO14: EA. | ABP14: 1 | ACD14: =#VALUE! -> #VALUE! | ACI14: SERIAL NUMBER: | ACL14: =#VALUE! -> #VALUE! | ACS14: EA. | ACT14: 1 | ADH14: MAL (V2)'!U | ADM14: SERIAL NUMBER: | ADP14: MAL (V2)'!V | ADW14: EA. | ADX14: 1 | AEL14: MAL (V2)'!U | AEQ14: SERIAL NUMBER: | AET14: MAL (V2)'!V | AFA14: EA. | AFB14: 1 | AFP14: =MAL!AGB2 -> 0 | AFU14: SERIAL NUMBER: | AFX14: =MAL!AGC2 -> 0 | AGE14: EA. | AGF14: 1 | AGT14: =#VALUE! -> #VALUE! | AGY14: SERIAL NUMBER: | AHB14: =#VALUE! -> #VALUE! | AHI14: EA. | AHJ14: 1 | AHX14: =MAL!AGB2 -> 0 | AIC14: SERIAL NUMBER: | AIF14: =MAL!AGC2 -> 0 | AIM14: EA. | AIN14: 1 | AJB14: =MAL!AGB3 -> 0 | AJG14: SERIAL NUMBER: | AJJ14: =MAL!AGC3 -> 0 | AJQ14: EA. | AJR14: 1 | AKF14: =#VALUE! -> #VALUE! | AKK14: SERIAL NUMBER: | AKN14: =#VALUE! -> #VALUE! | AKU14: EA. | AKV14: 1 | ALJ14: MAL (V2)'!U | ALO14: SERIAL NUMBER: | ALR14: MAL (V2)'!V | ALY14: EA. | ALZ14: 1
M15: M9 MAG | W15: EA | X15: 3 | AQ15: M9 MAG | BA15: EA | BB15: 3 | BU15: M9 MAG | CE15: EA | CF15: 3 | CY15: M9 MAG | DI15: EA | DJ15: 3 | EC15: M9 MAG | EM15: EA | EN15: 3 | FG15: M9 MAG | FQ15: EA | FR15: 3 | GK15: M9 MAG | GU15: EA | GV15: 3 | HO15: M9 MAG | HY15: EA | HZ15: 3 | IS15: M9 MAG | JC15: EA | JD15: 3 | JW15: M9 MAG | KG15: EA | KH15: 3 | LA15: M9 MAG | LK15: EA | LL15: 3 | ME15: M9 MAG | MO15: EA | MP15: 3 | NI15: M9 MAG | NS15: EA | NT15: 3 | OM15: M9 MAG | OW15: EA | OX15: 3 | PQ15: M9 MAG | QA15: EA | QB15: 3 | QU15: M9 MAG | RE15: EA | RF15: 3 | RY15: M9 MAG | SI15: EA | SJ15: 3 | TC15: M9 MAG | TM15: EA | TN15: 3 | UG15: M9 MAG | UQ15: EA | UR15: 3 | VK15: M9 MAG | VU15: EA | VV15: 3 | WO15: M9 MAG | WY15: EA | WZ15: 3 | XS15: M9 MAG | YC15: EA | YD15: 3 | YW15: M9 MAG | ZG15: EA | ZH15: 3 | AAA15: M9 MAG | AAK15: EA | AAL15: 3 | ABE15: M9 MAG | ABO15: EA | ABP15: 3 | ACI15: M9 MAG | ACS15: EA | ACT15: 3 | ADM15: M9 MAG | ADW15: EA | ADX15: 3 | AEQ15: M9 MAG | AFA15: EA | AFB15: 3 | AFU15: M9 MAG | AGE15: EA | AGF15: 3 | AGY15: M9 MAG | AHI15: EA | AHJ15: 3 | AIC15: M9 MAG | AIM15: EA | AIN15: 3 | AJG15: M9 MAG | AJQ15: EA | AJR15: 3 | AKK15: M9 MAG | AKU15: EA | AKV15: 3 | ALO15: M9 MAG | ALY15: EA | ALZ15: 3
H16: M9 LANYARD OR 550 CORD TIE DOWN | W16: EA | X16: 1 | AL16: M9 LANYARD OR 550 CORD TIE DOWN | BA16: EA | BB16: 1 | BP16: M9 LANYARD OR 550 CORD TIE DOWN | CE16: EA | CF16: 1 | CT16: M9 LANYARD OR 550 CORD TIE DOWN | DI16: EA | DJ16: 1 | DX16: M9 LANYARD OR 550 CORD TIE DOWN | EM16: EA | EN16: 1 | FB16: M9 LANYARD OR 550 CORD TIE DOWN | FQ16: EA | FR16: 1 | GF16: M9 LANYARD OR 550 CORD TIE DOWN | GU16: EA | GV16: 1 | HJ16: M9 LANYARD OR 550 CORD TIE DOWN | HY16: EA | HZ16: 1 | IN16: M9 LANYARD OR 550 CORD TIE DOWN | JC16: EA | JD16: 1 | JR16: M9 LANYARD OR 550 CORD TIE DOWN | KG16: EA | KH16: 1 | KV16: M9 LANYARD OR 550 CORD TIE DOWN | LK16: EA | LL16: 1 | LZ16: M9 LANYARD OR 550 CORD TIE DOWN | MO16: EA | MP16: 1 | ND16: M9 LANYARD OR 550 CORD TIE DOWN | NS16: EA | NT16: 1 | OH16: M9 LANYARD OR 550 CORD TIE DOWN | OW16: EA | OX16: 1 | PL16: M9 LANYARD OR 550 CORD TIE DOWN | QA16: EA | QB16: 1 | QP16: M9 LANYARD OR 550 CORD TIE DOWN | RE16: EA | RF16: 1 | RT16: M9 LANYARD OR 550 CORD TIE DOWN | SI16: EA | SJ16: 1 | SX16: M9 LANYARD OR 550 CORD TIE DOWN | TM16: EA | TN16: 1 | UB16: M9 LANYARD OR 550 CORD TIE DOWN | UQ16: EA | UR16: 1 | VF16: M9 LANYARD OR 550 CORD TIE DOWN | VU16: EA | VV16: 1 | WJ16: M9 LANYARD OR 550 CORD TIE DOWN | WY16: EA | WZ16: 1 | XN16: M9 LANYARD OR 550 CORD TIE DOWN | YC16: EA | YD16: 1 | YR16: M9 LANYARD OR 550 CORD TIE DOWN | ZG16: EA | ZH16: 1 | ZV16: M9 LANYARD OR 550 CORD TIE DOWN | AAK16: EA | AAL16: 1 | AAZ16: M9 LANYARD OR 550 CORD TIE DOWN | ABO16: EA | ABP16: 1 | ACD16: M9 LANYARD OR 550 CORD TIE DOWN | ACS16: EA | ACT16: 1 | ADH16: M9 LANYARD OR 550 CORD TIE DOWN | ADW16: EA | ADX16: 1 | AEL16: M9 LANYARD OR 550 CORD TIE DOWN | AFA16: EA | AFB16: 1 | AFP16: M9 LANYARD OR 550 CORD TIE DOWN | AGE16: EA | AGF16: 1 | AGT16: M9 LANYARD OR 550 CORD TIE DOWN | AHI16: EA | AHJ16: 1 | AHX16: M9 LANYARD OR 550 CORD TIE DOWN | AIM16: EA | AIN16: 1 | AJB16: M9 LANYARD OR 550 CORD TIE DOWN | AJQ16: EA | AJR16: 1 | AKF16: M9 LANYARD OR 550 CORD TIE DOWN | AKU16: EA | AKV16: 1 | ALJ16: M9 LANYARD OR 550 CORD TIE DOWN | ALY16: EA | ALZ16: 1
M17: M9 HOLSTER | W17: EA | X17: 1 | AQ17: M9 HOLSTER | BA17: EA | BB17: 1 | BU17: M9 HOLSTER | CE17: EA | CF17: 1 | CY17: M9 HOLSTER | DI17: EA | DJ17: 1 | EC17: M9 HOLSTER | EM17: EA | EN17: 1 | FG17: M9 HOLSTER | FQ17: EA | FR17: 1 | GK17: M9 HOLSTER | GU17: EA | GV17: 1 | HO17: M9 HOLSTER | HY17: EA | HZ17: 1 | IS17: M9 HOLSTER | JC17: EA | JD17: 1 | JW17: M9 HOLSTER | KG17: EA | KH17: 1 | LA17: M9 HOLSTER | LK17: EA | LL17: 1 | ME17: M9 HOLSTER | MO17: EA | MP17: 1 | NI17: M9 HOLSTER | NS17: EA | NT17: 1 | OM17: M9 HOLSTER | OW17: EA | OX17: 1 | PQ17: M9 HOLSTER | QA17: EA | QB17: 1 | QU17: M9 HOLSTER | RE17: EA | RF17: 1 | RY17: M9 HOLSTER | SI17: EA | SJ17: 1 | TC17: M9 HOLSTER | TM17: EA | TN17: 1 | UG17: M9 HOLSTER | UQ17: EA | UR17: 1 | VK17: M9 HOLSTER | VU17: EA | VV17: 1 | WO17: M9 HOLSTER | WY17: EA | WZ17: 1 | XS17: M9 HOLSTER | YC17: EA | YD17: 1 | YW17: M9 HOLSTER | ZG17: EA | ZH17: 1 | AAA17: M9 HOLSTER | AAK17: EA | AAL17: 1 | ABE17: M9 HOLSTER | ABO17: EA | ABP17: 1 | ACI17: M9 HOLSTER | ACS17: EA | ACT17: 1 | ADM17: M9 HOLSTER | ADW17: EA | ADX17: 1 | AEQ17: M9 HOLSTER | AFA17: EA | AFB17: 1 | AFU17: M9 HOLSTER | AGE17: EA | AGF17: 1 | AGY17: M9 HOLSTER | AHI17: EA | AHJ17: 1 | AIC17: M9 HOLSTER | AIM17: EA | AIN17: 1 | AJG17: M9 HOLSTER | AJQ17: EA | AJR17: 1 | AKK17: M9 HOLSTER | AKU17: EA | AKV17: 1 | ALO17: M9 HOLSTER | ALY17: EA | ALZ17: 1
A18: (Mount, Viewer, NSN: 5855-01-551-4525) | M18: RHINO MOUNT | W18: EA | X18: 1 | AE18: (Mount, Viewer, NSN: 5855-01-551-4525) | AQ18: RHINO MOUNT | BA18: EA | BB18: 1 | BI18: (Mount, Viewer, NSN: 5855-01-551-4525) | BU18: RHINO MOUNT | CE18: EA | CF18: 1 | CM18: (Mount, Viewer, NSN: 5855-01-551-4525) | CY18: RHINO MOUNT | DI18: EA | DJ18: 1 | DQ18: (Mount, Viewer, NSN: 5855-01-551-4525) | EC18: RHINO MOUNT | EM18: EA | EN18: 1 | EU18: (Mount, Viewer, NSN: 5855-01-551-4525) | FG18: RHINO MOUNT | FQ18: EA | FR18: 1 | FY18: (Mount, Viewer, NSN: 5855-01-551-4525) | GK18: RHINO MOUNT | GU18: EA | GV18: 1 | HC18: (Mount, Viewer, NSN: 5855-01-551-4525) | HO18: RHINO MOUNT | HY18: EA | HZ18: 1 | IG18: (Mount, Viewer, NSN: 5855-01-551-4525) | IS18: RHINO MOUNT | JC18: EA | JD18: 1 | JK18: (Mount, Viewer, NSN: 5855-01-551-4525) | JW18: RHINO MOUNT | KG18: EA | KH18: 1 | KO18: (Mount, Viewer, NSN: 5855-01-551-4525) | LA18: RHINO MOUNT | LK18: EA | LL18: 1 | LS18: (Mount, Viewer, NSN: 5855-01-551-4525) | ME18: RHINO MOUNT | MO18: EA | MP18: 1 | MW18: (Mount, Viewer, NSN: 5855-01-551-4525) | NI18: RHINO MOUNT | NS18: EA | NT18: 1 | OA18: (Mount, Viewer, NSN: 5855-01-551-4525) | OM18: RHINO MOUNT | OW18: EA | OX18: 1 | PE18: (Mount, Viewer, NSN: 5855-01-551-4525) | PQ18: RHINO MOUNT | QA18: EA | QB18: 1 | QI18: (Mount, Viewer, NSN: 5855-01-551-4525) | QU18: RHINO MOUNT | RE18: EA | RF18: 1 | RM18: (Mount, Viewer, NSN: 5855-01-551-4525) | RY18: RHINO MOUNT | SI18: EA | SJ18: 1 | SQ18: (Mount, Viewer, NSN: 5855-01-551-4525) | TC18: RHINO MOUNT | TM18: EA | TN18: 1 | TU18: (Mount, Viewer, NSN: 5855-01-551-4525) | UG18: RHINO MOUNT | UQ18: EA | UR18: 1 | UY18: (Mount, Viewer, NSN: 5855-01-551-4525) | VK18: RHINO MOUNT | VU18: EA | VV18: 1 | WC18: (Mount, Viewer, NSN: 5855-01-551-4525) | WO18: RHINO MOUNT | WY18: EA | WZ18: 1 | XG18: (Mount, Viewer, NSN: 5855-01-551-4525) | XS18: RHINO MOUNT | YC18: EA | YD18: 1 | YK18: (Mount, Viewer, NSN: 5855-01-551-4525) | YW18: RHINO MOUNT | ZG18: EA | ZH18: 1 | ZO18: (Mount, Viewer, NSN: 5855-01-551-4525) | AAA18: RHINO MOUNT | AAK18: EA | AAL18: 1 | AAS18: (Mount, Viewer, NSN: 5855-01-551-4525) | ABE18: RHINO MOUNT | ABO18: EA | ABP18: 1 | ABW18: (Mount, Viewer, NSN: 5855-01-551-4525) | ACI18: RHINO MOUNT | ACS18: EA | ACT18: 1 | ADA18: (Mount, Viewer, NSN: 5855-01-551-4525) | ADM18: RHINO MOUNT | ADW18: EA | ADX18: 1 | AEE18: (Mount, Viewer, NSN: 5855-01-551-4525) | AEQ18: RHINO MOUNT | AFA18: EA | AFB18: 1 | AFI18: (Mount, Viewer, NSN: 5855-01-551-4525) | AFU18: RHINO MOUNT | AGE18: EA | AGF18: 1 | AGM18: (Mount, Viewer, NSN: 5855-01-551-4525) | AGY18: RHINO MOUNT | AHI18: EA | AHJ18: 1 | AHQ18: (Mount, Viewer, NSN: 5855-01-551-4525) | AIC18: RHINO MOUNT | AIM18: EA | AIN18: 1 | AIU18: (Mount, Viewer, NSN: 5855-01-551-4525) | AJG18: RHINO MOUNT | AJQ18: EA | AJR18: 1 | AJY18: (Mount, Viewer, NSN: 5855-01-551-4525) | AKK18: RHINO MOUNT | AKU18: EA | AKV18: 1 | ALC18: (Mount, Viewer, NSN: 5855-01-551-4525) | ALO18: RHINO MOUNT | ALY18: EA | ALZ18: 1 | AMG18: (Mount, Viewer, NSN: 5855-01-551-4525)
M19: J-ARM | W19: EA | X19: 1 | AQ19: J-ARM | BA19: EA | BB19: 1 | BU19: J-ARM | CE19: EA | CF19: 1 | CY19: J-ARM | DI19: EA | DJ19: 1 | EC19: J-ARM | EM19: EA | EN19: 1 | FG19: J-ARM | FQ19: EA | FR19: 1 | GK19: J-ARM | GU19: EA | GV19: 1 | HO19: J-ARM | HY19: EA | HZ19: 1 | IS19: J-ARM | JC19: EA | JD19: 1 | JW19: J-ARM | KG19: EA | KH19: 1 | LA19: J-ARM | LK19: EA | LL19: 1 | ME19: J-ARM | MO19: EA | MP19: 1 | NI19: J-ARM | NS19: EA | NT19: 1 | OM19: J-ARM | OW19: EA | OX19: 1 | PQ19: J-ARM | QA19: EA | QB19: 1 | QU19: J-ARM | RE19: EA | RF19: 1 | RY19: J-ARM | SI19: EA | SJ19: 1 | TC19: J-ARM | TM19: EA | TN19: 1 | UG19: J-ARM | UQ19: EA | UR19: 1 | VK19: J-ARM | VU19: EA | VV19: 1 | WO19: J-ARM | WY19: EA | WZ19: 1 | XS19: J-ARM | YC19: EA | YD19: 1 | YW19: J-ARM | ZG19: EA | ZH19: 1 | AAA19: J-ARM | AAK19: EA | AAL19: 1 | ABE19: J-ARM | ABO19: EA | ABP19: 1 | ACI19: J-ARM | ACS19: EA | ACT19: 1 | ADM19: J-ARM | ADW19: EA | ADX19: 1 | AEQ19: J-ARM | AFA19: EA | AFB19: 1 | AFU19: J-ARM | AGE19: EA | AGF19: 1 | AGY19: J-ARM | AHI19: EA | AHJ19: 1 | AIC19: J-ARM | AIM19: EA | AIN19: 1 | AJG19: J-ARM | AJQ19: EA | AJR19: 1 | AKK19: J-ARM | AKU19: EA | AKV19: 1 | ALO19: J-ARM | ALY19: EA | ALZ19: 1
BA20: =IF($H20<>"","EA","") | BB20: =IF($H20<>"","1","") | CE20: =IF($H20<>"","EA","") | CF20: =IF($H20<>"","1","") | DI20: =IF($H20<>"","EA","") | DJ20: =IF($H20<>"","1","") | EM20: =IF($H20<>"","EA","") | EN20: =IF($H20<>"","1","") | FQ20: =IF($H20<>"","EA","") | FR20: =IF($H20<>"","1","") | GU20: =IF($H20<>"","EA","") | GV20: =IF($H20<>"","1","") | JC20: =IF($H20<>"","EA","") | JD20: =IF($H20<>"","1","") | KG20: =IF($H20<>"","EA","") | KH20: =IF($H20<>"","1","") | LK20: =IF($H20<>"","EA","") | LL20: =IF($H20<>"","1","") | MO20: =IF($H20<>"","EA","") | MP20: =IF($H20<>"","1","") | NS20: =IF($H20<>"","EA","") | NT20: =IF($H20<>"","1","") | OW20: =IF($H20<>"","EA","") | OX20: =IF($H20<>"","1","") | RE20: =IF($H20<>"","EA","") | RF20: =IF($H20<>"","1","") | SI20: =IF($H20<>"","EA","") | SJ20: =IF($H20<>"","1","") | TM20: =IF($H20<>"","EA","") | TN20: =IF($H20<>"","1","") | UQ20: =IF($H20<>"","EA","") | UR20: =IF($H20<>"","1","") | VU20: =IF($H20<>"","EA","") | VV20: =IF($H20<>"","1","") | WY20: =IF($H20<>"","EA","") | WZ20: =IF($H20<>"","1","") | ZG20: =IF($H20<>"","EA","") | ZH20: =IF($H20<>"","1","") | AAK20: =IF($H20<>"","EA","") | AAL20: =IF($H20<>"","1","") | ABO20: =IF($H20<>"","EA","") | ABP20: =IF($H20<>"","1","") | ACS20: =IF($H20<>"","EA","") | ACT20: =IF($H20<>"","1","") | ADW20: =IF($H20<>"","EA","") | ADX20: =IF($H20<>"","1","") | AFA20: =IF($H20<>"","EA","") | AFB20: =IF($H20<>"","1","") | AHI20: =IF($H20<>"","EA","") | AHJ20: =IF($H20<>"","1","") | AIM20: =IF($H20<>"","EA","") | AIN20: =IF($H20<>"","1","") | AJQ20: =IF($H20<>"","EA","") | AJR20: =IF($H20<>"","1","") | AKU20: =IF($H20<>"","EA","") | AKV20: =IF($H20<>"","1","") | ALY20: =IF($H20<>"","EA","") | ALZ20: =IF($H20<>"","1","")
A26: * WHEN USED AS A: | AE26: * WHEN USED AS A: | BI26: * WHEN USED AS A: | CM26: * WHEN USED AS A: | DQ26: * WHEN USED AS A: | EU26: * WHEN USED AS A: | FY26: * WHEN USED AS A: | HC26: * WHEN USED AS A: | IG26: * WHEN USED AS A: | JK26: * WHEN USED AS A: | KO26: * WHEN USED AS A: | LS26: * WHEN USED AS A: | MW26: * WHEN USED AS A: | OA26: * WHEN USED AS A: | PE26: * WHEN USED AS A: | QI26: * WHEN USED AS A: | RM26: * WHEN USED AS A: | SQ26: * WHEN USED AS A: | TU26: * WHEN USED AS A: | UY26: * WHEN USED AS A: | WC26: * WHEN USED AS A: | XG26: * WHEN USED AS A: | YK26: * WHEN USED AS A: | ZO26: * WHEN USED AS A: | AAS26: * WHEN USED AS A: | ABW26: * WHEN USED AS A: | ADA26: * WHEN USED AS A: | AEE26: * WHEN USED AS A: | AFI26: * WHEN USED AS A: | AGM26: * WHEN USED AS A: | AHQ26: * WHEN USED AS A: | AIU26: * WHEN USED AS A: | AJY26: * WHEN USED AS A: | ALC26: * WHEN USED AS A: | AMG26: * WHEN USED AS A:
C28: HAND RECEIPT, enter Hand Receipt Annex Number | AG28: HAND RECEIPT, enter Hand Receipt Annex Number | BK28: HAND RECEIPT, enter Hand Receipt Annex Number | CO28: HAND RECEIPT, enter Hand Receipt Annex Number | DS28: HAND RECEIPT, enter Hand Receipt Annex Number | EW28: HAND RECEIPT, enter Hand Receipt Annex Number | GA28: HAND RECEIPT, enter Hand Receipt Annex Number | HE28: HAND RECEIPT, enter Hand Receipt Annex Number | II28: HAND RECEIPT, enter Hand Receipt Annex Number | JM28: HAND RECEIPT, enter Hand Receipt Annex Number | KQ28: HAND RECEIPT, enter Hand Receipt Annex Number | LU28: HAND RECEIPT, enter Hand Receipt Annex Number | MY28: HAND RECEIPT, enter Hand Receipt Annex Number | OC28: HAND RECEIPT, enter Hand Receipt Annex Number | PG28: HAND RECEIPT, enter Hand Receipt Annex Number | QK28: HAND RECEIPT, enter Hand Receipt Annex Number | RO28: HAND RECEIPT, enter Hand Receipt Annex Number | SS28: HAND RECEIPT, enter Hand Receipt Annex Number | TW28: HAND RECEIPT, enter Hand Receipt Annex Number | VA28: HAND RECEIPT, enter Hand Receipt Annex Number | WE28: HAND RECEIPT, enter Hand Receipt Annex Number | XI28: HAND RECEIPT, enter Hand Receipt Annex Number | YM28: HAND RECEIPT, enter Hand Receipt Annex Number | ZQ28: HAND RECEIPT, enter Hand Receipt Annex Number | AAU28: HAND RECEIPT, enter Hand Receipt Annex Number | ABY28: HAND RECEIPT, enter Hand Receipt Annex Number | ADC28: HAND RECEIPT, enter Hand Receipt Annex Number | AEG28: HAND RECEIPT, enter Hand Receipt Annex Number | AFK28: HAND RECEIPT, enter Hand Receipt Annex Number | AGO28: HAND RECEIPT, enter Hand Receipt Annex Number | AHS28: HAND RECEIPT, enter Hand Receipt Annex Number | AIW28: HAND RECEIPT, enter Hand Receipt Annex Number | AKA28: HAND RECEIPT, enter Hand Receipt Annex Number | ALE28: HAND RECEIPT, enter Hand Receipt Annex Number | AMI28: HAND RECEIPT, enter Hand Receipt Annex Number
C29: HAND RECEIPT FOR QUARTERS FURNITURE, enter Condition Codes | AG29: HAND RECEIPT FOR QUARTERS FURNITURE, enter Condition Codes | BK29: HAND RECEIPT FOR QUARTERS FURNITURE, enter Condition Codes | CO29: HAND RECEIPT FOR QUARTERS FURNITURE, enter Condition Codes | DS29: HAND RECEIPT FOR QUARTERS FURNITURE, enter Condition Codes | EW29: HAND RECEIPT FOR QUARTERS FURNITURE, enter Condition Codes | GA29: HAND RECEIPT FOR QUARTERS FURNITURE, enter Condition Codes | HE29: HAND RECEIPT FOR QUARTERS FURNITURE, enter Condition Codes | II29: HAND RECEIPT FOR QUARTERS FURNITURE, enter Condition Codes | JM29: HAND RECEIPT FOR QUARTERS FURNITURE, enter Condition Codes | KQ29: HAND RECEIPT FOR QUARTERS FURNITURE, enter Condition Codes | LU29: HAND RECEIPT FOR QUARTERS FURNITURE, enter Condition Codes | MY29: HAND RECEIPT FOR QUARTERS FURNITURE, enter Condition Codes | OC29: HAND RECEIPT FOR QUARTERS FURNITURE, enter Condition Codes | PG29: HAND RECEIPT FOR QUARTERS FURNITURE, enter Condition Codes | QK29: HAND RECEIPT FOR QUARTERS FURNITURE, enter Condition Codes | RO29: HAND RECEIPT FOR QUARTERS FURNITURE, enter Condition Codes | SS29: HAND RECEIPT FOR QUARTERS FURNITURE, enter Condition Codes | TW29: HAND RECEIPT FOR QUARTERS FURNITURE, enter Condition Codes | VA29: HAND RECEIPT FOR QUARTERS FURNITURE, enter Condition Codes | WE29: HAND RECEIPT FOR QUARTERS FURNITURE, enter Condition Codes | XI29: HAND RECEIPT FOR QUARTERS FURNITURE, enter Condition Codes | YM29: HAND RECEIPT FOR QUARTERS FURNITURE, enter Condition Codes | ZQ29: HAND RECEIPT FOR QUARTERS FURNITURE, enter Condition Codes | AAU29: HAND RECEIPT FOR QUARTERS FURNITURE, enter Condition Codes | ABY29: HAND RECEIPT FOR QUARTERS FURNITURE, enter Condition Codes | ADC29: HAND RECEIPT FOR QUARTERS FURNITURE, enter Condition Codes | AEG29: HAND RECEIPT FOR QUARTERS FURNITURE, enter Condition Codes | AFK29: HAND RECEIPT FOR QUARTERS FURNITURE, enter Condition Codes | AGO29: HAND RECEIPT FOR QUARTERS FURNITURE, enter Condition Codes | AHS29: HAND RECEIPT FOR QUARTERS FURNITURE, enter Condition Codes | AIW29: HAND RECEIPT FOR QUARTERS FURNITURE, enter Condition Codes | AKA29: HAND RECEIPT FOR QUARTERS FURNITURE, enter Condition Codes | ALE29: HAND RECEIPT FOR QUARTERS FURNITURE, enter Condition Codes | AMI29: HAND RECEIPT FOR QUARTERS FURNITURE, enter Condition Codes
C30: HAND RECEIPT ANNEX/COMPONENTS RECEIPT, enter Accounting Requirements Code (ARC). | Y30: PAGE ______ | AB30: OF ______ PAGES | AG30: HAND RECEIPT ANNEX/COMPONENTS RECEIPT, enter Accounting Requirements Code (ARC). | BC30: PAGE ______ | BF30: OF ______ PAGES | BK30: HAND RECEIPT ANNEX/COMPONENTS RECEIPT, enter Accounting Requirements Code (ARC). | CG30: PAGE ______ | CJ30: OF ______ PAGES | CO30: HAND RECEIPT ANNEX/COMPONENTS RECEIPT, enter Accounting Requirements Code (ARC). | DK30: PAGE ______ | DN30: OF ______ PAGES | DS30: HAND RECEIPT ANNEX/COMPONENTS RECEIPT, enter Accounting Requirements Code (ARC). | EO30: PAGE ______ | ER30: OF ______ PAGES | EW30: HAND RECEIPT ANNEX/COMPONENTS RECEIPT, enter Accounting Requirements Code (ARC). | FS30: PAGE ______ | FV30: OF ______ PAGES | GA30: HAND RECEIPT ANNEX/COMPONENTS RECEIPT, enter Accounting Requirements Code (ARC). | GW30: PAGE ______ | GZ30: OF ______ PAGES | HE30: HAND RECEIPT ANNEX/COMPONENTS RECEIPT, enter Accounting Requirements Code (ARC). | IA30: PAGE ______ | ID30: OF ______ PAGES | II30: HAND RECEIPT ANNEX/COMPONENTS RECEIPT, enter Accounting Requirements Code (ARC). | JE30: PAGE ______ | JH30: OF ______ PAGES | JM30: HAND RECEIPT ANNEX/COMPONENTS RECEIPT, enter Accounting Requirements Code (ARC). | KI30: PAGE ______ | KL30: OF ______ PAGES | KQ30: HAND RECEIPT ANNEX/COMPONENTS RECEIPT, enter Accounting Requirements Code (ARC). | LM30: PAGE ______ | LP30: OF ______ PAGES | LU30: HAND RECEIPT ANNEX/COMPONENTS RECEIPT, enter Accounting Requirements Code (ARC). | MQ30: PAGE ______ | MT30: OF ______ PAGES | MY30: HAND RECEIPT ANNEX/COMPONENTS RECEIPT, enter Accounting Requirements Code (ARC). | NU30: PAGE ______ | NX30: OF ______ PAGES | OC30: HAND RECEIPT ANNEX/COMPONENTS RECEIPT, enter Accounting Requirements Code (ARC). | OY30: PAGE ______ | PB30: OF ______ PAGES | PG30: HAND RECEIPT ANNEX/COMPONENTS RECEIPT, enter Accounting Requirements Code (ARC). | QC30: PAGE ______ | QF30: OF ______ PAGES | QK30: HAND RECEIPT ANNEX/COMPONENTS RECEIPT, enter Accounting Requirements Code (ARC). | RG30: PAGE ______ | RJ30: OF ______ PAGES | RO30: HAND RECEIPT ANNEX/COMPONENTS RECEIPT, enter Accounting Requirements Code (ARC). | SK30: PAGE ______ | SN30: OF ______ PAGES | SS30: HAND RECEIPT ANNEX/COMPONENTS RECEIPT, enter Accounting Requirements Code (ARC). | TO30: PAGE ______ | TR30: OF ______ PAGES | TW30: HAND RECEIPT ANNEX/COMPONENTS RECEIPT, enter Accounting Requirements Code (ARC). | US30: PAGE ______ | UV30: OF ______ PAGES | VA30: HAND RECEIPT ANNEX/COMPONENTS RECEIPT, enter Accounting Requirements Code (ARC). | VW30: PAGE ______ | VZ30: OF ______ PAGES | WE30: HAND RECEIPT ANNEX/COMPONENTS RECEIPT, enter Accounting Requirements Code (ARC). | XA30: PAGE ______ | XD30: OF ______ PAGES | XI30: HAND RECEIPT ANNEX/COMPONENTS RECEIPT, enter Accounting Requirements Code (ARC). | YE30: PAGE ______ | YH30: OF ______ PAGES | YM30: HAND RECEIPT ANNEX/COMPONENTS RECEIPT, enter Accounting Requirements Code (ARC). | ZI30: PAGE ______ | ZL30: OF ______ PAGES | ZQ30: HAND RECEIPT ANNEX/COMPONENTS RECEIPT, enter Accounting Requirements Code (ARC). | AAM30: PAGE ______ | AAP30: OF ______ PAGES | AAU30: HAND RECEIPT ANNEX/COMPONENTS RECEIPT, enter Accounting Requirements Code (ARC). | ABQ30: PAGE ______ | ABT30: OF ______ PAGES | ABY30: HAND RECEIPT ANNEX/COMPONENTS RECEIPT, enter Accounting Requirements Code (ARC). | ACU30: PAGE ______ | ACX30: OF ______ PAGES | ADC30: HAND RECEIPT ANNEX/COMPONENTS RECEIPT, enter Accounting Requirements Code (ARC). | ADY30: PAGE ______ | AEB30: OF ______ PAGES | AEG30: HAND RECEIPT ANNEX/COMPONENTS RECEIPT, enter Accounting Requirements Code (ARC). | AFC30: PAGE ______ | AFF30: OF ______ PAGES | AFK30: HAND RECEIPT ANNEX/COMPONENTS RECEIPT, enter Accounting Requirements Code (ARC). | AGG30: PAGE ______ | AGJ30: OF ______ PAGES | AGO30: HAND RECEIPT ANNEX/COMPONENTS RECEIPT, enter Accounting Requirements Code (ARC). | AHK30: PAGE ______ | AHN30: OF ______ PAGES | AHS30: HAND RECEIPT ANNEX/COMPONENTS RECEIPT, enter Accounting Requirements Code (ARC). | AIO30: PAGE ______ | AIR30: OF ______ PAGES | AIW30: HAND RECEIPT ANNEX/COMPONENTS RECEIPT, enter Accounting Requirements Code (ARC). | AJS30: PAGE ______ | AJV30: OF ______ PAGES | AKA30: HAND RECEIPT ANNEX/COMPONENTS RECEIPT, enter Accounting Requirements Code (ARC). | AKW30: PAGE ______ | AKZ30: OF ______ PAGES | ALE30: HAND RECEIPT ANNEX/COMPONENTS RECEIPT, enter Accounting Requirements Code (ARC). | AMA30: PAGE ______ | AMD30: OF ______ PAGES | AMI30: HAND RECEIPT ANNEX/COMPONENTS RECEIPT, enter Accounting Requirements Code (ARC).
A31: DA FORM 2062, JAN 1982 | N31: EDITION OF JAN 58 IS OBSOLETE | AC31: APD PE v2.10 | AE31: DA FORM 2062, JAN 1982 | AR31: EDITION OF JAN 58 IS OBSOLETE | BG31: APD PE v2.10 | BI31: DA FORM 2062, JAN 1982 | BV31: EDITION OF JAN 58 IS OBSOLETE | CK31: APD PE v2.10 | CM31: DA FORM 2062, JAN 1982 | CZ31: EDITION OF JAN 58 IS OBSOLETE | DO31: APD PE v2.10 | DQ31: DA FORM 2062, JAN 1982 | ED31: EDITION OF JAN 58 IS OBSOLETE | ES31: APD PE v2.10 | EU31: DA FORM 2062, JAN 1982 | FH31: EDITION OF JAN 58 IS OBSOLETE | FW31: APD PE v2.10 | FY31: DA FORM 2062, JAN 1982 | GL31: EDITION OF JAN 58 IS OBSOLETE | HA31: APD PE v2.10 | HC31: DA FORM 2062, JAN 1982 | HP31: EDITION OF JAN 58 IS OBSOLETE | IE31: APD PE v2.10 | IG31: DA FORM 2062, JAN 1982 | IT31: EDITION OF JAN 58 IS OBSOLETE | JI31: APD PE v2.10 | JK31: DA FORM 2062, JAN 1982 | JX31: EDITION OF JAN 58 IS OBSOLETE | KM31: APD PE v2.10 | KO31: DA FORM 2062, JAN 1982 | LB31: EDITION OF JAN 58 IS OBSOLETE | LQ31: APD PE v2.10 | LS31: DA FORM 2062, JAN 1982 | MF31: EDITION OF JAN 58 IS OBSOLETE | MU31: APD PE v2.10 | MW31: DA FORM 2062, JAN 1982 | NJ31: EDITION OF JAN 58 IS OBSOLETE | NY31: APD PE v2.10 | OA31: DA FORM 2062, JAN 1982 | ON31: EDITION OF JAN 58 IS OBSOLETE | PC31: APD PE v2.10 | PE31: DA FORM 2062, JAN 1982 | PR31: EDITION OF JAN 58 IS OBSOLETE | QG31: APD PE v2.10 | QI31: DA FORM 2062, JAN 1982 | QV31: EDITION OF JAN 58 IS OBSOLETE | RK31: APD PE v2.10 | RM31: DA FORM 2062, JAN 1982 | RZ31: EDITION OF JAN 58 IS OBSOLETE | SO31: APD PE v2.10 | SQ31: DA FORM 2062, JAN 1982 | TD31: EDITION OF JAN 58 IS OBSOLETE | TS31: APD PE v2.10 | TU31: DA FORM 2062, JAN 1982 | UH31: EDITION OF JAN 58 IS OBSOLETE | UW31: APD PE v2.10 | UY31: DA FORM 2062, JAN 1982 | VL31: EDITION OF JAN 58 IS OBSOLETE | WA31: APD PE v2.10 | WC31: DA FORM 2062, JAN 1982 | WP31: EDITION OF JAN 58 IS OBSOLETE | XE31: APD PE v2.10 | XG31: DA FORM 2062, JAN 1982 | XT31: EDITION OF JAN 58 IS OBSOLETE | YI31: APD PE v2.10 | YK31: DA FORM 2062, JAN 1982 | YX31: EDITION OF JAN 58 IS OBSOLETE | ZM31: APD PE v2.10 | ZO31: DA FORM 2062, JAN 1982 | AAB31: EDITION OF JAN 58 IS OBSOLETE | AAQ31: APD PE v2.10 | AAS31: DA FORM 2062, JAN 1982 | ABF31: EDITION OF JAN 58 IS OBSOLETE | ABU31: APD PE v2.10 | ABW31: DA FORM 2062, JAN 1982 | ACJ31: EDITION OF JAN 58 IS OBSOLETE | ACY31: APD PE v2.10 | ADA31: DA FORM 2062, JAN 1982 | ADN31: EDITION OF JAN 58 IS OBSOLETE | AEC31: APD PE v2.10 | AEE31: DA FORM 2062, JAN 1982 | AER31: EDITION OF JAN 58 IS OBSOLETE | AFG31: APD PE v2.10 | AFI31: DA FORM 2062, JAN 1982 | AFV31: EDITION OF JAN 58 IS OBSOLETE | AGK31: APD PE v2.10 | AGM31: DA FORM 2062, JAN 1982 | AGZ31: EDITION OF JAN 58 IS OBSOLETE | AHO31: APD PE v2.10 | AHQ31: DA FORM 2062, JAN 1982 | AID31: EDITION OF JAN 58 IS OBSOLETE | AIS31: APD PE v2.10 | AIU31: DA FORM 2062, JAN 1982 | AJH31: EDITION OF JAN 58 IS OBSOLETE | AJW31: APD PE v2.10 | AJY31: DA FORM 2062, JAN 1982 | AKL31: EDITION OF JAN 58 IS OBSOLETE | ALA31: APD PE v2.10 | ALC31: DA FORM 2062, JAN 1982 | ALP31: EDITION OF JAN 58 IS OBSOLETE | AME31: APD PE v2.10 | AMG31: DA FORM 2062, JAN 1982

Sheet CONTROL LOG
A1: (DA PAM 710-2-1) | M1: (DA PAM 710-2-1) | Y1: (DA PAM 710-2-1) | AK1: (DA PAM 710-2-1) | AW1: (DA PAM 710-2-1) | BI1: (DA PAM 710-2-1)
A2: 1. Weapons and Ammunition Issued | C2: 2. Type Weapon | D2: 3. Rack Number | E2: 4. Ammo Issued (No of Rounds) | F2: 5. Weapon Serial Number | G2: 6. Issued to (Print & Sign) | H2: 7. Issued By (Initials) | I2: 8. Weapon Returned To (Print & Sign) | J2: 9. Ammo Return (No. of Rounds) | K2: 10. Weapons and Ammo Returned | M2: 1. Weapons and Ammunition Issued | O2: 2. Type Weapon | P2: 3. Rack Number | Q2: 4. Ammo Issued (No of Rounds) | R2: 5. Weapon Serial Number | S2: 6. Issued to (Print & Sign) | T2: 7. Issued By (Initials) | U2: 8. Weapon Returned To (Print & Sign) | V2: 9. Ammo Return (No. of Rounds) | W2: 10. Weapons and Ammo Returned | Y2: 1. Weapons and Ammunition Issued | AA2: 2. Type Weapon | AB2: 3. Rack Number | AC2: 4. Ammo Issued (No of Rounds) | AD2: 5. Weapon Serial Number | AE2: 6. Issued to (Print & Sign) | AF2: 7. Issued By (Initials) | AG2: 8. Weapon Returned To (Print & Sign) | AH2: 9. Ammo Return (No. of Rounds) | AI2: 10. Weapons and Ammo Returned | AK2: 1. Weapons and Ammunition Issued | AM2: 2. Type Weapon | AN2: 3. Rack Number | AO2: 4. Ammo Issued (No of Rounds) | AP2: 5. Weapon Serial Number | AQ2: 6. Issued to (Print & Sign) | AR2: 7. Issued By (Initials) | AS2: 8. Weapon Returned To (Print & Sign) | AT2: 9. Ammo Return (No. of Rounds) | AU2: 10. Weapons and Ammo Returned | AW2: 1. Weapons and Ammunition Issued | AY2: 2. Type Weapon | AZ2: 3. Rack Number | BA2: 4. Ammo Issued (No of Rounds) | BB2: 5. Weapon Serial Number | BC2: 6. Issued to (Print & Sign) | BD2: 7. Issued By (Initials) | BE2: 8. Weapon Returned To (Print & Sign) | BF2: 9. Ammo Return (No. of Rounds) | BG2: 10. Weapons and Ammo Returned | BI2: 1. Weapons and Ammunition Issued | BK2: 2. Type Weapon | BL2: 3. Rack Number | BM2: 4. Ammo Issued (No of Rounds) | BN2: 5. Weapon Serial Number | BO2: 6. Issued to (Print & Sign) | BP2: 7. Issued By (Initials) | BQ2: 8. Weapon Returned To (Print & Sign) | BR2: 9. Ammo Return (No. of Rounds) | BS2: 10. Weapons and Ammo Returned
A4: Date | B4: Time | K4: Date | L4: Time | M4: Date | N4: Time | W4: Date | X4: Time | Y4: Date | Z4: Time | AI4: Date | AJ4: Time | AK4: Date | AL4: Time | AU4: Date | AV4: Time | AW4: Date | AX4: Time | BG4: Date | BH4: Time | BI4: Date | BJ4: Time | BS4: Date | BT4: Time
A25: FB FORM 2488-1E, AUG 96 (AFZA-PM) | F25: PREVIOUS EDITION 1 DEC 87 MAY BE USED UNTIL STOCK IS EXHAUSTED | L25: V 1.0 | M25: FB FORM 2488-1E, AUG 96 (AFZA-PM) | R25: PREVIOUS EDITION 1 DEC 87 MAY BE USED UNTIL STOCK IS EXHAUSTED | X25: V 1.0 | Y25: FB FORM 2488-1E, AUG 96 (AFZA-PM) | AD25: PREVIOUS EDITION 1 DEC 87 MAY BE USED UNTIL STOCK IS EXHAUSTED | AJ25: V 1.0 | AK25: FB FORM 2488-1E, AUG 96 (AFZA-PM) | AP25: PREVIOUS EDITION 1 DEC 87 MAY BE USED UNTIL STOCK IS EXHAUSTED | AV25: V 1.0 | AW25: FB FORM 2488-1E, AUG 96 (AFZA-PM) | BB25: PREVIOUS EDITION 1 DEC 87 MAY BE USED UNTIL STOCK IS EXHAUSTED | BH25: V 1.0 | BI25: FB FORM 2488-1E, AUG 96 (AFZA-PM) | BN25: PREVIOUS EDITION 1 DEC 87 MAY BE USED UNTIL STOCK IS EXHAUSTED | BT25: V 1.0

Sheet TPE
A1: M240 | B1: M249 | C1: M2 | D1: M2 Barrels | E1: MK19 | F1: NEW 50's | G1: M60
A2: U486477 [Aco] | B2: 108656 [SCT] | C2: 942448 [A] | D2: 528619 | E2: 15410 [B] | F2: 9959 [SCT] | G2: 4397 [A]
A3: U105273 [Aco] | C3: 1367295 [E] | D3: 528619 | E3: 25409 [B] | F3: 194761
A4: U123184 [Aco] | C4: 1376891 [B] | D4: 942448 [B] | E4: 27641 [C] | F4: 322074
A5: U123185 | C5: 1631067 [C] | D5: 1367295 [E] | E5: 32080 [A] | F5: 367882 [SCT]
A6: U123186 | C6: 1852202 [C] | D6: 1367295 [E] | E6: 37608 | F6: 1863149
A7: U123187 | C7: 2044138 [D] | D7: 1376891 [B] | E7: 40544 [C] | F7: 1993382
A8: 26488 [SCT] | C8: A001790 [D] | D8: 1631067 [C] | E8: 43225 [D] | F8: M3004156
A9: U41721 [SCT] | C9: A001798 [PSD] | D9: 1631067 [C] | E9: 43524 [D] | F9: M3015411
A10: U74538 [MRT] | C10: M3009882 [C] | D10: 1881153 | E10: 43525 [D] | F10: M3016786
C11: M3020336 [A] | D11: 1881153 | E11: 45509 [D]
C12: M3032735 [C] | D12: 2044138 [D] | E12: 45511 [MRT]
C13: M4001694 [D] | D13: 2044138 [D] | E13: 45533 [B]
C14: M4006344 [MRT] | D14: A001790 [D] | E14: 45656 [C]
C15: M4006368 [MRT] | D15: A001790 [D] | E15: 46413 [E]
C16: M4006381 [B] | D16: A001798 | E16: 46444 [D]
C17: M4006406 [B] | D17: A001798 | E17: 46445 [A]
C18: M4006827[A] | D18: M3009882 [C] | E18: 46454
C19: M4006848 [A] | D19: M3009882 [C] | E19: 46464 [A]
C20: M4006857 [E] | D20: M3029351 [A] | E20: 46473
C21: M4006863 [D] | D21: M3032735 [C] | E21: 46475
C22: M4006878 [C] | D22: M3032735 [C] | E22: 46477 [C]
C23: M4006881 [D] | D23: M3033020 [A] | E23: 46485 [B]
C24: M4006890 [D] | D24: M3033020 [A] | E24: 46486
C25: M4006898 [PSD] | D25: M4001694 [D] | E25: 46490 [A]
C26: M4007238 [A] | D26: M4001694 [D] | E26: 46492 [A]
C27: M4007273 [B] | D27: M4006344 | E27: 46497
C28: M4007277 [A] | D28: M4006344 | E28: 46516 [D]
C29: M4007312 [C] | D29: M4006368 | E29: 46519 [A]
C30: M4007337 [PSD] | D30: M4006368 | E30: 46539 [C]
D31: M4006381 [B] | E31: 46558
D32: M4006382 [A] | E32: 46562 [E]
D33: M4006406 [B] | E33: 46569 [D]
D34: M4006408 [A] | E34: 46587
D35: M4006740 [A]
D36: M4006827 [A]
D37: M4006846 [A]
D38: M4006857 [E]
D39: M4006863 [A]
D40: M4006863 [A]
D41: M4006878 [C]
D42: M4006878 [C]
D43: M4006881 [D]
D44: M4006881 [D]
D45: M4006890 [D]
D46: M4006890 [D]
... D64: M400689
A69: YELLOW: 1SG TPE

Sheet NOT HHC
A1: LAST NAME | B1: FIRST NAME | C1: WPN | D1: OPTIC | E1: LASER | F1: NODS | G1: ADD
A2: WAGNER | B2: JORDAN | C2: M4: W010182 | D2: 68: K2066898 | E2: PEQ-15: 00031726 | F2: PVS-7D: 8739G
A3: VASQUEZ | C3: M4: W013461 | D3: 68: W2487625 | E3: PEQ-15: 080001 | F3: PVS-7D: 8340G
A4: WEIMER | B4: ZACHARY | C4: M4: W012054 | D4: 68: K2222729 | E4: PEQ-15: 00032715 | F4: PVS7D: 8742G
A5: ? | B5: ? | F5: PVS-14: 74104481

Sheet Sheet11
A1: SECTION | B1: FORWARD OR NO | C1: WPN | D1: IDENTIFIER | E1: GRADE | F1: RANK | G1: LASTNAME | H1: FIRSTNAME | I1: PRIMARY WEAPON | J1: M4_SERIAL | K1: OPTIC | L1: OPTIC_NSN | M1: OPTIC_SERIAL | N1: PEQ | O1: PEQ_NSN | P1: PEQ_SERIAL | Q1: NODS | R1: NODS_NSN | S1: NODS_SERIAL
A2: SCT | B2: x | C2: M4 | D2: 1 | E2: O-2 | F2: 1LT | G2: MILLIGAN | H2: ROBERT | I2: M4 | J2: W010240 | K2: ACOG | L2: 1240-01-557-1897 | M2: 766522/077943 | N2: PEQ-15 | O2: 5855-01-534-5931 | P2: 239025 | Q2: PVS-14 | R2: 5855-01-432-0524 | S2: 6542869
A3: SCT | B3: x | C3: M4 | D3: 3 | E3: E-4 | F3: SPC | G3: TURBITT | H3: CODY | I3: M4 | J3: W011050 | K3: ACOG | L3: 1240-01-557-1897 | M3: 766546/076556 | N3: PEQ-15 | O3: 5855-01-534-5931 | P3: 445661 | Q3: PVS-14 | R3: 5855-01-432-0524 | S3: 6517939
A4: SCT | B4: x | C4: M4 | D4: 4 | E4: E-5 | F4: SGT | G4: CANIDA | H4: CODY | I4: M4 | J4: W011072 | K4: ACOG | L4: 1241-01-557-1897 | M4: 518629 | N4: PEQ-15 | O4: 5855-01-534-5931 | P4: 443052 | Q4: PVS-14 | R4: 5855-01-432-0524 | S4: 74106814
A5: SCT | B5: x | C5: M4 | D5: 5 | E5: E-6 | F5: SSG | G5: PEREZ | H5: JUAN | I5: M4 | J5: W011097 | K5: ACOG | L5: 1241-01-557-1897 | M5: 766534/076850 | N5: PEQ-15A | O5: 5855-01-579-0062 | P5: 00056091 | Q5: PVS-14 | R5: 5855-01-432-0524 | S5: 6541701
A6: SCT | B6: x | C6: M4 | D6: 6 | E6: E-4 | F6: SPC | G6: BEASLEY | H6: WADE | I6: M4 | J6: W011609 | K6: ACOG | L6: 1242-01-557-1897 | M6: 518610 | N6: PEQ-15 | O6: 5855-01-534-5931 | P6: 239339 | Q6: PVS-14 | R6: 5855-01-432-0524 | S6: 6518627
A7: SCT | B7: x | C7: M4 | D7: 7 | E7: E-4 | F7: SPC | G7: STROEVE | H7: ETHAN | I7: M4 | J7: W011612 | K7: TMR | L7: 1005-01-562-0953 | M7: 278678W | N7: PEQ-15A | O7: 5855-01-579-0062 | P7: 00056399 | Q7: PVS-14 | R7: 5855-01-432-0524 | S7: A3281
A8: SCT | B8: x | C8: M4 | D8: 8 | E8: E-4 | F8: CPL | G8: HOLLIS | H8: SCOTT | I8: M4 | J8: W011613 | K8: ACOG | L8: 1243-01-557-1897 | M8: 766525/077896 | N8: PEQ-15 | O8: 5855-01-534-5931 | P8: 239353 | Q8: PVS-14 | R8: 5855-01-432-0524 | S8: 6543961
A9: MED | B9: x | C9: M4 | D9: 9 | E9: E-3 | F9: PFC | G9: BERMUDEZ | H9: PETER | I9: M4 | J9: W011619 | K9: M68 | L9: 1240-01-411-1265 | M9: W2108897 | N9: PEQ-15 | O9: 5855-01-534-5931 | P9: 239399 | Q9: PVS-14 | R9: 5855-01-432-0524 | S9: 585
A10: SCT | B10: x | C10: M4 | D10: 10 | E10: E-5 | F10: SGT | G10: GIBSON | H10: JAMES | I10: M4 | J10: W011683 | K10: ACOG | L10: 1244-01-557-1897 | M10: 525138 | N10: PEQ-15 | O10: 5855-01-534-5931 | P10: 439351 | Q10: PVS-14 | R10: 5855-01-432-0524 | S10: 6517929
A11: SCT | B11: x | C11: M4 | D11: 11 | E11: E-3 | F11: PFC | G11: GILLIARD | H11: BRYSON | I11: M4 | J11: W689754 | K11: ACOG | L11: 1244-01-557-1897 | M11: 518611 | N11: PEQ-15 | O11: 5855-01-534-5931 | P11: 398407 | Q11: PVS-14 | R11: 5855-01-432-0524 | S11: 6518157
A12: SCT | B12: x | C12: M4 | D12: 12 | E12: E-4 | F12: CPL | G12: JACKSON | H12: KHALIB | I12: M4 | J12: W011689 | K12: ACOG | L12: 1245-01-557-1897 | M12: 518624 | N12: PEQ-15A | O12: 5855-01-579-0062 | P12: 00041967 | Q12: PVS-14 | R12: 5855-01-432-0524 | S12: 6542866
A13: SCT | B13: x | C13: M4 | D13: 14 | E13: E-3 | F13: PFC | G13: CORREA | H13: JUSTIN | I13: M4 | J13: W011699 | K13: ACOG | L13: 1245-01-557-1897 | M13: 518628 | N13: PEQ-15 | O13: 5855-01-534-5931 | P13: 260892 | Q13: PVS-14 | R13: 5855-01-432-0524 | S13: 74106803
A14: SCT | B14: x | C14: M4 | D14: 15 | E14: E-3 | F14: PFC | G14: HAIRSTON | H14: JUSTIN | I14: M4 | J14: W011753 | K14: ACOG | L14: 1246-01-557-1897 | M14: 524557 | N14: PEQ-15 | O14: 5855-01-534-5931 | P14: 260894 | Q14: PSQ-20B | R14: 5855-01-603-0486 | S14: 4072
A15: SCT | B15: x | C15: M4 | D15: 16 | E15: E-3 | F15: PFC | G15: NEWCOMB | H15: JOSEPH | I15: M4 | J15: W011755 | K15: ACOG | L15: 1246-01-557-1897 | M15: 552649 | N15: PEQ-15 | O15: 5855-01-534-5931 | P15: 260900 | Q15: PVS-14 | R15: 5855-01-432-0524 | S15: 6518409
A16: SCT | B16: x | C16: M4 | D16: 17 | E16: E-5 | F16: SGT | G16: BARNES | H16: TYLER | I16: M4 | J16: W011764 | K16: ACOG | L16: 1247-01-557-1897 | M16: 524639 | N16: PEQ-15 | O16: 5855-01-534-5931 | P16: 260897 | Q16: PVS-14 | R16: 5855-01-432-0524 | S16: 6543972
A17: SCT | B17: x | C17: M4 | D17: 18 | E17: E-4 | F17: SPC | G17: WRIGHT | H17: JACOB | I17: M4 | J17: W011784 | K17: ACOG | L17: 1247-01-557-1897 | M17: 766536/077723 | N17: PEQ-15 | O17: 5855-01-534-5931 | P17: 260898 | Q17: PVS-14 | R17: 5855-01-432-0524 | S17: 6517961
A18: SCT | B18: x | C18: M4 | D18: 19 | E18: E-3 | F18: PFC | G18: REACH | H18: JACOB | I18: M4 | J18: W011822 | K18: ACOG | L18: 1248-01-557-1897 | M18: 525136 | N18: PEQ-15 | O18: 5855-01-534-5931 | P18: 260899 | Q18: PVS-14 | R18: 5855-01-432-0524 | S18: 6542858
A19: SCT | B19: x | C19: M4 | D19: 20 | E19: E-4 | F19: SPC | G19: HOMAN | H19: GAVIN | I19: M4 | J19: W011891 | K19: ACOG | L19: 1248-01-557-1897 | M19: 525143 | N19: PEQ-15 | O19: 5855-01-534-5931 | P19: 239310 | Q19: PVS-14 | R19: 5855-01-432-0524 | S19: 6517951
A20: SCT | B20: x | C20: M4 | D20: 21 | E20: E-5 | F20: SGT | G20: BARR | H20: PATRICK | I20: M4 | J20: W011892 | K20: ACOG | L20: 1249-01-557-1897 | M20: 533324 | N20: PEQ-15 | O20: 5855-01-534-5931 | P20: 261032 | Q20: PVS-14 | R20: 5855-01-432-0524 | S20: 6517903
A21: SCT | B21: x | C21: M4 | D21: 22 | E21: E-3 | F21: PFC | G21: FISCHL | H21: RILEY | I21: M4 | J21: W011899 | K21: ACOG | L21: 1249-01-557-1897 | M21: 518625 | N21: PEQ-15 | O21: 5855-01-534-5931 | P21: 261040 | Q21: PVS-14 | R21: 5855-01-432-0524 | S21: 6543973
A22: SCT | B22: x | C22: M4 | D22: 23 | E22: E-4 | F22: SPC | G22: CRAIG | H22: CHARLES | I22: M4 | J22: W011907 | K22: ACOG | L22: 1250-01-557-1897 | M22: 552643 | N22: PEQ-15 | O22: 5855-01-534-5931 | P22: 261041 | Q22: PVS-14 | R22: 5855-01-432-0524 | S22: 6542874
A23: SCT | B23: x | C23: M4 | D23: 24 | E23: E-5 | F23: SGT | G23: LANDRUM | H23: CHRISTOPHER | I23: M4 | J23: W011921 | K23: TMR | L23: 1005-01-562-0953 | M23: 286506W | N23: PEQ-15 | O23: 5855-01-534-5931 | P23: 443186 | Q23: PVS-14 | R23: 5855-01-432-0524 | S23: 6542855
A24: SCT | B24: x | C24: M4 | D24: 25 | E24: E-4 | F24: SPC | G24: BANCROFT | H24: GRANGER | I24: M4 | J24: W012087 | K24: ACOG | L24: 1251-01-557-1897 | M24: 525145 | N24: PEQ-15 | O24: 5855-01-534-5931 | P24: 261048 | Q24: PVS-14 | R24: 5855-01-432-0524 | S24: 74106860
A25: SCT | B25: x | C25: M4 | D25: 26 | E25: E-5 | F25: SGT | G25: SPENCER | H25: PHILIP | I25: M4 | J25: W012101 | K25: ACOG | L25: 1251-01-557-1897 | M25: 584627 | N25: PEQ-15 | O25: 5855-01-534-5931 | P25: 261046 | Q25: PVS-14 | R25: 5855-01-432-0524 | S25: 6518489
A26: SCT | B26: x | C26: M4 | D26: 27 | E26: E-3 | F26: PFC | G26: JOSKOWITZ | H26: ETHAN | I26: M4 | J26: W012104 | K26: ACOG | L26: 1252-01-557-1897 | M26: 652036 | N26: PEQ-15 | O26: 5855-01-534-5931 | P26: 239026 | Q26: PVS-14 | R26: 5855-01-432-0524 | S26: 6518623
A27: SCT | B27: x | C27: M4 | D27: 28 | E27: E-5 | F27: SGT | G27: LAIRD | H27: TY | I27: M4 | J27: W012112 | K27: ACOG | L27: 1252-01-557-1897 | M27: 525147 | N27: PEQ-15 | O27: 5855-01-534-5931 | P27: 261049 | Q27: PSQ-20B | R27: 5855-01-603-0486 | S27: 4192
A28: SCT | B28: x | C28: M4 | D28: 29 | E28: E-3 | F28: PFC | G28: HOWARD | H28: CAMERON | I28: M4 | J28: W012116 | K28: ACOG | L28: 1253-01-557-1897 | M28: 584649 | N28: PEQ-15 | O28: 5855-01-534-5931 | P28: 261086 | Q28: PVS-14 | R28: 5855-01-432-0524 | S28: 6543967
A29: SCT | B29: x | C29: M4 | D29: 30 | E29: E-5 | F29: SGT | G29: CLINE | H29: BENJAMIN | I29: M4 | J29: W012131 | K29: ACOG | L29: 1253-01-557-1897 | M29: 525164 | N29: PEQ-15 | O29: 5855-01-534-5931 | P29: 261517 | Q29: PVS-14 | R29: 5855-01-432-0524 | S29: 6533513
A30: SCT | B30: x | C30: M4 | D30: 31 | E30: E-7 | F30: SFC | G30: O’SHIELDS | H30: JEREMY | I30: M4 | J30: W012135 | K30: ACOG | L30: 1254-01-557-1897 | M30: 766535/076851 | N30: PEQ-15 | O30: 5855-01-534-5931 | P30: 395410 | Q30: PVS-14 | R30: 5855-01-432-0524 | S30: 74106855
A31: MRT | B31: x | C31: M4 | D31: 32 | E31: O-2 | F31: 1LT | G31: BRYANT | H31: CODY | I31: M4 | J31: W012146 | K31: EO TECH | L31: 1240-01-554-4488 | M31: A0488953 | N31: PEQ-15 | O31: 5855-01-534-5931 | P31: 278443 | Q31: PVS-14 | R31: 5855-01-432-0524 | S31: 5045
A32: MRT | B32: x | C32: M4 | D32: 33 | E32: E-6 | F32: SSG | G32: FOUNTAIN | H32: RYAN | I32: M4 | J32: W012167 | K32: ACOG | L32: 1253-01-557-1897 | M32: 766554/077808 | N32: PEQ-15 | O32: 5855-01-534-5931 | P32: 261722 | Q32: PVS-14 | R32: 5855-01-432-0524 | S32: 6542865
A33: MRT | B33: x | C33: M4 | D33: 34 | E33: E-2 | F33: PV2 | G33: RUPPAL | H33: HUNTER | I33: M4 | J33: W012186 | K33: M68 | L33: 1240-01-411-1265 | M33: W2490408 | N33: PEQ-15 | O33: 5855-01-534-5931 | P33: 439303 | Q33: PVS-14 | R33: 5855-01-432-0524 | S33: 74106843
A34: MRT | B34: x | C34: M4 | D34: 35 | E34: E-3 | F34: PFC | G34: ATKINSON | H34: PRESCOTT | I34: M4 | J34: W012208 | K34: M68 | L34: 1240-01-411-1265 | M34: W2488301 | N34: PEQ-15 | O34: 5855-01-534-5931 | P34: 261784 | Q34: PVS-14 | R34: 5855-01-432-0524 | S34: 74106841
A35: MRT | B35: x | C35: M4 | D35: 36 | E35: E-3 | F35: PFC | G35: WALL | H35: JOSEPH | I35: M4 | J35: W012224 | K35: M68 | L35: 1240-01-411-1265 | M35: W2490411 | N35: PEQ-15 | O35: 5855-01-534-5931 | P35: 261793 | Q35: PVS-14 | R35: 5855-01-432-0524 | S35: 74106820
A36: MRT | B36: x | C36: M4 | D36: 37 | E36: E-3 | F36: PFC | G36: AVALOS | H36: JACOB | I36: M4 | J36: W012232 | K36: M68 | L36: 1240-01-411-1265 | M36: W2488308 | N36: PEQ-15 | O36: 5855-01-534-5931 | P36: 261795 | Q36: PVS-14 | R36: 5855-01-432-0524 | S36: 6541109
A37: MRT | B37: x | C37: M4 | D37: 38 | E37: E-4 | F37: SPC | G37: THOMPSON | H37: JOSEPH | I37: M4 | J37: W012237 | K37: M68 | L37: 1240-01-411-1265 | M37: W2487338 | N37: PEQ-15 | O37: 5855-01-534-5931 | P37: 261896 | Q37: PVS-14 | R37: 5855-01-432-0524 | S37: 74106807
A38: MRT | B38: x | C38: M4 | D38: 39 | E38: E-4 | F38: SPC | G38: PAYNE | H38: ERRIN | I38: M4 | J38: W012267 | K38: M68 | L38: 1240-01-411-1265 | M38: W2490399 | N38: PEQ-15 | O38: 5855-01-534-5931 | P38: 278310 | Q38: PVS-14 | R38: 5855-01-432-0524 | S38: 74106846
A39: MRT | B39: x | C39: M4 | D39: 40 | E39: E-5 | F39: SGT | G39: ALLEN | H39: AUSTIN | I39: M4 | J39: W012286 | K39: M68 | L39: 1240-01-411-1265 | M39: W2488319 | N39: PEQ-15 | O39: 5855-01-534-5931 | P39: 278313 | Q39: PVS-14 | R39: 5855-01-432-0524 | S39: 6507750
A40: MRT | B40: x | C40: M4 | D40: 41 | E40: E-5 | F40: SGT | G40: BATISTO | H40: ANGELITO | I40: M4 | J40: W012293 | K40: M68 | L40: 1240-01-411-1265 | M40: W2490407 | N40: PEQ-15 | O40: 5855-01-534-5931 | P40: 278315 | Q40: PVS-14 | R40: 5855-01-432-0524 | S40: 6517922
A41: MRT | B41: x | C41: M4 | D41: 42 | E41: E-4 | F41: SPC | G41: LITTLE | H41: TERRANCE | I41: M4 | J41: W012295 | K41: M68 | L41: 1240-01-411-1265 | M41: 624777 | N41: PEQ-15 | O41: 5855-01-534-5931 | P41: 278316 | Q41: PVS-14 | R41: 5855-01-432-0524 | S41: 6542867
A42: MRT | B42: x | C42: M4 | D42: 43 | E42: E-5 | F42: SGT | G42: SIMPSON | H42: JACOB | I42: M4 | J42: W012296 | K42: M68 | L42: 1240-01-411-1265 | M42: W2527417 | N42: PEQ-15 | O42: 5855-01-534-5931 | P42: 278317 | Q42: PVS-14 | R42: 5855-01-432-0524 | S42: 6543981
A43: MRT | B43: x | C43: M4 | D43: 44 | E43: E-3 | F43: PFC | G43: GIMNICH | H43: AUSTIN | I43: M4 | J43: W012297 | K43: M68 | L43: 1240-01-411-1265 | M43: W2488310 | N43: PEQ-15 | O43: 5855-01-534-5931 | P43: 278318 | Q43: PVS-14 | R43: 5855-01-432-0524 | S43: 6542860
A44: MRT | B44: x | C44: M4 | D44: 45 | E44: E-3 | F44: PFC | G44: MOORE | H44: EAMON | I44: M4 | J44: W012300 | K44: M68 | L44: 1240-01-411-1265 | M44: W2527424 | N44: PEQ-15 | O44: 5855-01-534-5931 | P44: 261719 | Q44: PVS-14 | R44: 5855-01-432-0524 | S44: 6543982
A45: MRT | B45: x | C45: M4 | D45: 46 | E45: E-2 | F45: PV2 | G45: CASSELL | H45: JEREMY | I45: M4 | J45: W012321 | K45: M68 | L45: 1240-01-411-1265 | M45: W2527439 | N45: PEQ-15 | O45: 5855-01-534-5931 | P45: 278386 | Q45: PVS-14 | R45: 5855-01-432-0524 | S45: 6517946
A46: MRT | B46: x | C46: M4 | D46: 47 | E46: E-5 | F46: SGT | G46: POWELL | H46: CHRISTIAN | I46: M4 | J46: W012324 | K46: M68 | L46: 1240-01-411-1265 | M46: K2359022 | N46: PEQ-15 | O46: 5855-01-534-5931 | P46: 278388 | Q46: PVS-14 | R46: 5855-01-432-0524 | S46: 6517967
A47: MRT | B47: x | C47: M4 | D47: 48 | E47: E-5 | F47: SGT | G47: BRADY | H47: CHRISTOPHER | I47: M4 | J47: W012353 | K47: M68 | L47: 1240-01-411-1265 | M47: W2488299 | N47: PEQ-15A | O47: 5855-01-579-0062 | P47: 00041716 | Q47: PVS-14 | R47: 5855-01-432-0524 | S47: 74106854
A48: MRT | B48: x | C48: M4 | D48: 49 | E48: E-3 | F48: PFC | G48: MCCORMICK | H48: LOGAN | I48: M4 | J48: W012389 | K48: M68 | L48: 1240-01-411-1265 | M48: W2527447 | N48: PEQ-15 | O48: 5855-01-534-5931 | P48: 278399 | Q48: PVS-14 | R48: 5855-01-432-0524 | S48: 6542853
A49: MRT | B49: x | C49: M4 | D49: 50 | E49: E-6 | F49: SSG | G49: VELASQUEZ | H49: GERARDO | I49: M4 | J49: W012394 | K49: M68 | L49: 1240-01-411-1265 | M49: 1013265 | N49: PEQ-15 | O49: 5855-01-534-5931 | P49: 439482 | Q49: PVS-14 | R49: 5855-01-432-0524 | S49: 6507759
A50: MRT | B50: x | C50: M4 | D50: 51 | E50: E-4 | F50: SPC | G50: DALEY | H50: NICKLAUS | I50: M4 | J50: W012407 | K50: M68 | L50: 1240-01-411-1265 | M50: W2488311 | N50: PEQ-15 | O50: 5855-01-534-5931 | P50: 278441 | Q50: PVS-14 | R50: 5855-01-432-0524 | S50: 612
A51: MRT | B51: x | C51: M4 | D51: 52 | E51: E-2 | F51: PV2 | G51: CHURCHMAN | H51: CASON | I51: M4 | J51: W012452 | K51: M68 | L51: 1240-01-411-1265 | M51: W2530105 | N51: PEQ-15 | O51: 5855-01-534-5931 | P51: 278442 | Q51: PVS-14 | R51: 5855-01-432-0524 | S51: 74106859
A52: MRT | B52: x | C52: M4 | D52: 53 | E52: E-4 | F52: SPC | G52: PARRY | H52: JAMES | I52: M4 | J52: W012468 | K52: M68 | L52: 1240-01-411-1265 | M52: W2488307 | N52: PEQ-15 | O52: 5855-01-534-5931 | P52: 439353 | Q52: PVS-14 | R52: 5855-01-432-0524 | S52: 6550542
A53: MRT | B53: x | C53: M4 | D53: 54 | E53: E-4 | F53: SPC | G53: TROSCH | H53: GARRET | I53: M4 | J53: W012472 | K53: M68 | L53: 1240-01-411-1265 | M53: W2488300 | N53: PEQ-15 | O53: 5855-01-534-5931 | P53: 278444 | Q53: PVS-14 | R53: 5855-01-432-0524 | S53: 74106845
A54: HQ | B54: x | C54: M4 | D54: 55 | E54: E-7 | F54: SFC | G54: JIMENEZ | H54: CHRISTOPHER | I54: M4 | J54: W012520 | K54: ACOG | L54: 1253-01-557-1897 | M54: 518609 | N54: PEQ-15 | O54: 5855-01-534-5931 | P54: 278391 | Q54: PVS-14 | R54: 5855-01-432-0524 | S54: 6542870
A55: HQ | B55: x | C55: M4 | D55: 56 | E55: O-2 | F55: 1LT | G55: ZENGER | H55: ERIC | I55: M4 | J55: W012508 | K55: EO TECH | L55: 1240-01-554-4488 | M55: A0488873 | N55: PEQ-15 | O55: 5855-01-534-5931 | P55: 278446 | Q55: PVS-14 | R55: 5855-01-432-0524 | S55: 6517960
A56: HQ | B56: x | C56: M4 | D56: 57 | E56: O-3 | F56: CPT | G56: MATTHEWS | H56: DAVID | I56: M4 | J56: W012924 | K56: ACOG | L56: 1253-01-557-1897 | M56: 043591 | N56: PEQ-15 | O56: 5855-01-534-5931 | P56: 395397 | Q56: PVS-14 | R56: 5855-01-432-0524 | S56: 6518486
A57: HQ | B57: x | C57: M4 | D57: 58 | E57: E-4 | F57: SPC | G57: CONDON | H57: PATRICK | I57: M4 | J57: W012938 | K57: M68 | L57: 1240-01-411-1265 | M57: 165819 | N57: PEQ-15 | O57: 5855-01-534-5931 | P57: 395401 | Q57: PVS-14 | R57: 5855-01-432-0524 | S57: 584
A58: HQ | B58: x | C58: M4 | D58: 59 | E58: E-5 | F58: SGT | G58: MCJIMSON | H58: GENERAL | I58: M4 | J58: W013230 | K58: M68 | L58: 1240-01-411-1265 | M58: W2108895 | N58: PEQ-15 | O58: 5855-01-534-5931 | P58: 278445 | Q58: PVS-14 | R58: 5855-01-432-0524 | S58: 6541918
A59: HQ | B59: x | C59: M4 | D59: 60 | E59: E-3 | F59: PFC | G59: SMITHERS | H59: MICHAEL | I59: M4 | J59: W013260 | K59: M68 | L59: 1240-01-411-1265 | M59: W2527376 | N59: PEQ-15 | O59: 5855-01-534-5931 | P59: 395402 | Q59: PVS-14 | R59: 5855-01-432-0524 | S59: 6541745
A60: HQ | B60: x | C60: M4 | D60: 61 | E60: E-3 | F60: PFC | G60: ROBERTS | H60: ROMARIO | I60: M4 | J60: W038096 | K60: M68 | L60: 1240-01-411-1265 | M60: 983748 | N60: PEQ-15 | O60: 5855-01-534-5931 | P60: 395403 | Q60: PVS-14 | R60: 5855-01-432-0524 | S60: 74106798
A61: S1 | B61: y | C61: M4 | D61: 62 | F61: PFC | G61: ROMAN | H61: ULISES | I61: M4 | J61: W039113 | K61: M68 | L61: 1240-01-411-1265 | M61: 254 | N61: PEQ-15 | O61: 5855-01-534-5931 | P61: 395405 | Q61: PVS-14 | R61: 5855-01-432-0524
A62: S1 | B62: x | C62: M4 | D62: 63 | E62: O-3 | F62: CPT | G62: KAICHER | H62: JONATHAN | I62: M4 | J62: W039489 | K62: M68 | L62: 1240-01-411-1265 | M62: 165839 | N62: PEQ-15 | O62: 5855-01-534-5931 | P62: 395406 | Q62: PVS-14 | R62: 5855-01-432-0524 | S62: 6541875
A63: S1 | B63: x | C63: M4 | D63: 64 | E63: E-3 | F63: PFC | G63: DOYLE | H63: TRISTON | I63: M4 | J63: W039509 | K63: M68 | L63: 1240-01-411-1265 | M63: W2487347 | N63: PEQ-15 | O63: 5855-01-534-5931 | P63: 395407 | Q63: PVS-14 | R63: 5855-01-432-0524 | S63: 6518625
A64: S1 | B64: y | C64: M4 | D64: 65 | F64: SGT | G64: MEDINA | H64: LUIS | I64: M4 | J64: W039546 | K64: M68 | L64: 1240-01-411-1265 | M64: W2129797 | N64: PEQ-15 | O64: 5855-01-534-5931 | P64: 395409 | Q64: PVS-14 | R64: 5855-01-432-0524
A65: S1 | B65: x | C65: M4 | D65: 66 | E65: E-7 | F65: SFC | G65: MARSH | H65: WILLIAM | I65: M4 | J65: W039593 | K65: M68 | L65: 1240-01-411-1265 | M65: 146930 | N65: PEQ-15 | O65: 5855-01-534-5931 | P65: 239315 | Q65: PVS-14 | R65: 5855-01-432-0524 | S65: 6526515
A66: S1 | B66: y | C66: M4 | D66: 67 | F66: PFC | G66: SYMONETTE | H66: JESSE | I66: M4 | J66: W039653 | K66: M68 | L66: 1240-01-411-1265 | M66: W2487337 | N66: PEQ-15A | O66: 5855-01-579-0062 | P66: 00056094 | Q66: PVS-14 | R66: 5855-01-432-0524
A67: S1 | B67: y | C67: M4 | D67: 68 | F67: SGT | G67: BOBBITT | H67: SAMUEL | I67: M4 | J67: W039863 | K67: M68 | L67: 1240-01-411-1265 | M67: 146898 | N67: PEQ-15A | O67: 5855-01-579-0062 | P67: 00056104 | Q67: PVS-14 | R67: 5855-01-432-0524
A68: S2 | B68: x | C68: M4 | D68: 69 | E68: O-3 | F68: CPT | G68: LAWSON | H68: WILLIAM | I68: M4 | J68: W039882 | K68: M68 | L68: 1240-01-411-1265 | M68: W2108215 | N68: PEQ-15A | O68: 5855-01-579-0062 | P68: 00041689 | Q68: PVS-14 | R68: 5855-01-432-0524 | S68: 6543908
A69: S2 | B69: x | C69: M4 | D69: 70 | E69: E-3 | F69: PFC | G69: HUGHES | H69: HANNA | I69: M4 | J69: W040007 | K69: M68 | L69: 1240-01-411-1265 | M69: W2108226 | N69: PEQ-15 | O69: 5855-01-534-5931 | P69: 00041925 | Q69: PVS-14 | R69: 5855-01-432-0524 | S69: 6550460
A70: S2 | B70: x | C70: M4 | D70: 71 | E70: E-3 | F70: PFC | G70: SHELTON | H70: NICHOLAS | I70: M4 | J70: W040015 | K70: M68 | L70: 1240-01-411-1265 | M70: W2487325 | N70: PEQ-15 | O70: 5855-01-534-5931 | P70: 395414 | Q70: PVS-14 | R70: 5855-01-432-0524 | S70: 74106801
A71: S2 | B71: x | C71: M4 | D71: 72 | E71: O-4 | F71: 2LT | G71: MOUGHAN | H71: SEAN | I71: M4 | J71: W040167 | K71: M68 | L71: 1240-01-411-1265 | M71: 982966 | N71: PEQ-15 | O71: 5855-01-534-5931 | P71: 395412 | Q71: PVS-14 | R71: 5855-01-432-0524 | S71: 74104548
A72: S2 | B72: x | C72: M4 | D72: 73 | E72: E-6 | F72: SSG | G72: DAVIS | H72: MATTHEW | I72: M4 | J72: W040168 | K72: M68 | L72: 1240-01-411-1265 | M72: W2488313 | N72: PEQ-15A | O72: 5855-01-579-0062 | P72: 00042142 | Q72: PVS-14 | R72: 5855-01-432-0524 | S72: 6533514
A73: S2 | B73: y | C73: M4 | D73: 74 | F73: PFC | G73: ROBERTS | H73: SAWYER | I73: M4 | J73: W040179 | K73: M68 | L73: 1240-01-411-1265 | M73: K2225779 | N73: PEQ-15 | O73: 5855-01-534-5931 | P73: 395449 | Q73: PVS-14 | R73: 5855-01-432-0524
A74: HQ | B74: x | C74: M4 | D74: 75 | E74: O-2 | F74: 1LT | G74: CICO | H74: LORENZO | I74: M4 | J74: W044044 | K74: M68 | L74: 1240-01-411-1265 | M74: K2056315 | N74: PEQ-15 | O74: 5855-01-534-5931 | P74: 395450 | Q74: PVS-14 | R74: 5855-01-432-0524 | S74: 6543979
A75: CMD | B75: x | C75: M4 | D75: 76 | E75: O-5 | F75: LTC | G75: HALLOWS | H75: CHRISTOPHER | I75: M4 | J75: W044045 | K75: ACOG | L75: 1253-01-557-1897 | M75: 552641 | N75: PEQ-15 | O75: 5855-01-534-5931 | P75: 395451 | Q75: PVS-14 | R75: 5855-01-432-0524 | S75: 6518491
A76: CMD | B76: x | C76: M4 | D76: 77 | E76: E-9 | F76: CSM | G76: HUYNH | H76: THINH | I76: M4 | J76: W044298 | K76: ACOG | L76: 1253-01-557-1897 | M76: 584641 | N76: PEQ-15 | O76: 5855-01-534-5931 | P76: 397605 | Q76: PVS-14 | R76: 5855-01-432-0524 | S76: 6507729
A77: CMD | B77: x | C77: M4 | D77: 78 | E77: O-4 | F77: MAJ | G77: AMMONS | H77: BARRY | I77: M4 | J77: W044312 | K77: M68 | L77: 1240-01-411-1265 | M77: W2488317 | N77: PEQ-15 | O77: 5855-01-534-5931 | P77: 398357 | Q77: PVS-14 | R77: 5855-01-432-0524 | S77: 6518493
A78: CMD | B78: x | C78: M4 | D78: 79 | E78: O-4 | F78: MAJ | G78: ROBINSON | H78: ANDREW | I78: M4 | J78: W047661 | K78: ACOG | L78: 1253-01-557-1897 | M78: 525136 | N78: PEQ-15 | O78: 5855-01-534-5931 | P78: 398427 | Q78: PVS-14 | R78: 5855-01-432-0524 | S78: 6550567
A79: CMD | B79: x | C79: M4 | D79: 80 | E79: E-9 | F79: SGM | G79: MENDEZ | H79: JOEY | I79: M4 | J79: W047662 | K79: M68 | L79: 1240-01-411-1265 | M79: W2490398 | N79: PEQ-15 | O79: 5855-01-534-5931 | P79: 398505 | Q79: PVS-14 | R79: 5855-01-432-0524 | S79: 6518440
A80: S3 | B80: x | C80: M4 | D80: 81 | E80: E-5 | F80: SGT | G80: FRITTS | H80: JOSHUA | I80: M4 | J80: W047680 | K80: M68 | L80: 1240-01-411-1265 | M80: W2490397 | N80: PEQ-15 | O80: 5855-01-534-5931 | P80: 398506 | Q80: PVS-14 | R80: 5855-01-432-0524 | S80: 74106804
A81: S3 | B81: x | C81: M4 | D81: 82 | E81: O-2 | F81: 1LT | G81: BAUMEISTER | H81: JACOB | I81: M4 | J81: W047693 | K81: M68 | L81: 1240-01-411-1265 | M81: W2490396 | N81: PEQ-15 | O81: 5855-01-534-5931 | P81: 398508 | Q81: PVS-14 | R81: 5855-01-432-0524 | S81: 6543957
A82: S1 | B82: x | C82: M4 | D82: 83 | E82: O-3 | F82: CPT | G82: BUECHELE | H82: JAMES | I82: M4 | J82: W047696 | K82: M68 | L82: 1240-01-411-1265 | M82: W2488318 | N82: PEQ-15 | O82: 5855-01-534-5931 | P82: 398510 | Q82: PVS-14 | R82: 5855-01-432-0524 | S82: 6517909
A83: S3 | B83: x | C83: M4 | D83: 84 | E83: E-4 | F83: SPC | G83: BOGER | H83: SEAN | I83: M4 | J83: W047725 | K83: M68 | L83: 1240-01-411-1265 | M83: W2490392 | N83: PEQ-15 | O83: 5855-01-534-5931 | P83: 438573 | Q83: PVS-14 | R83: 5855-01-432-0524 | S83: 54621407
A84: S3 | B84: x | C84: M4 | D84: 85 | E84: E-6 | F84: SSG | G84: MEROLA | H84: ZACHARY | I84: M4 | J84: W047741 | K84: EO TECH | L84: 1240-01-554-4488 | M84: A0514275 | N84: PEQ-15 | O84: 5855-01-534-5931 | P84: 395411 | Q84: PVS-14 | R84: 5855-01-432-0524 | S84: 6541048
A85: S3 | B85: x | C85: M4 | D85: 87 | E85: E-5 | F85: SGT | G85: MAIER | H85: RYAN | I85: M4 | J85: W047759 | K85: M68 | L85: 1240-01-411-1265 | M85: W2488302 | N85: PEQ-15 | O85: 5855-01-534-5931 | P85: 00056426 | Q85: PVS-14 | R85: 5855-01-432-0524 | S85: 606
A86: S3 | B86: x | C86: M4 | D86: 88 | E86: E-6 | F86: SSG | G86: MAYS | H86: HS | I86: M4 | J86: W047760 | K86: M68 | L86: 1240-01-411-1265 | M86: W2488298 | N86: PEQ-15 | O86: 5855-01-534-5931 | P86: 239471 | Q86: PVS-14 | R86: 5855-01-432-0524 | S86: 3288
A87: S3 | B87: x | C87: M4 | D87: 89 | E87: O-1 | F87: 2LT | G87: SWISTARA | H87: RICHARD | I87: M4 | J87: W047773 | K87: M68 | L87: 1240-01-411-1265 | M87: 552069 | N87: PEQ-15A | O87: 5855-01-579-0062 | P87: 00056441 | Q87: PVS-14 | R87: 5855-01-432-0524 | S87: 74106838
A88: S3 | B88: x | C88: M4 | D88: 91 | E88: O-2 | F88: 1LT | G88: SELIG | H88: CHRISTOPHER | I88: M4 | J88: W047793 | K88: M68 | L88: 1240-01-411-1265 | M88: 1013229 | N88: PEQ-15 | O88: 5855-01-534-5931 | P88: 439433 | Q88: PVS-14 | R88: 5855-01-432-0524 | S88: 6550803
A89: S3 | B89: x | C89: M4 | D89: 92 | E89: O-2 | F89: 1LT | G89: RODINO | H89: ALEXANDER | I89: M4 | J89: W047794 | K89: M68 | L89: 1240-01-411-1265 | M89: 1013232 | N89: PEQ-15A | O89: 5855-01-579-0062 | P89: 00056497 | Q89: PVS-14 | R89: 5855-01-432-0524 | S89: 6517920
A90: S4 | B90: x | C90: M4 | D90: 93 | E90: O-2 | F90: 1LT | G90: RODRIGUEZ | H90: JAVIER | I90: M4 | J90: W047800 | K90: M68 | L90: 1240-01-411-1265 | M90: 1013239 | N90: PEQ-15 | O90: 5855-01-534-5931 | P90: 439471 | Q90: PVS-14 | R90: 5855-01-432-0524 | S90: 6543975
A91: S4 | B91: x | C91: M4 | D91: 94 | E91: O-2 | F91: 1LT | G91: DATER | H91: JACOB | I91: M4 | J91: W047803 | K91: M68 | L91: 1240-01-411-1265 | M91: 1013249 | N91: PEQ-15 | O91: 5855-01-534-5931 | P91: 439498 | Q91: PVS-14 | R91: 5855-01-432-0524 | S91: 6517958
A92: S4 | B92: PVS-14'S ONLY | C92: M4 | D92: 95 | F92: SGT | G92: POKORNY | H92: BRADLEY | I92: M4 | J92: W047805 | K92: M68 | L92: 1240-01-411-1265 | M92: W2488315 | N92: PEQ-15 | O92: 5855-01-534-5931 | P92: 439512 | Q92: PVS-14 | R92: 5855-01-432-0524 | S92: 6542734
A93: S6 | B93: x | C93: M4 | D93: 96 | E93: E-5 | F93: SGT | G93: DAVIS | H93: DENZEL | I93: M4 | J93: W047812 | K93: M68 | L93: 1240-01-411-1265 | M93: 1013254 | N93: PEQ-15 | O93: 5855-01-534-5931 | P93: 439517 | Q93: PVS-14 | R93: 5855-01-432-0524 | S93: 6517927
A94: S6 | B94: x | C94: M4 | D94: 97 | E94: E-6 | F94: SSG | G94: GAUSE | H94: EMMETT | I94: M4 | J94: W047818 | K94: M68 | L94: 1240-01-411-1265 | M94: W2128095 | N94: PEQ-15 | O94: 5855-01-534-5931 | P94: 440369 | Q94: PVS-14 | R94: 5855-01-432-0524 | S94: 54621334
A95: S6 | B95: x | C95: M4 | D95: 98 | E95: E-3 | F95: PFC | G95: GALLIK | H95: CHRISTOPHER | I95: M4 | J95: W047823 | K95: M68 | L95: 1240-01-411-1265 | M95: 1013266 | N95: PEQ-15 | O95: 5855-01-534-5931 | P95: 442112 | Q95: PVS-14 | R95: 5855-01-432-0524 | S95: 6517911
A96: S6 | B96: x | C96: M4 | D96: 99 | E96: E-3 | F96: PFC | G96: JACKSON | H96: MARQUISE | I96: M4 | J96: W047828 | K96: M68 | L96: 1240-01-411-1265 | M96: W2067513 | N96: PEQ-15 | O96: 5855-01-534-5931 | P96: 260893 | Q96: PVS-14 | R96: 5855-01-432-0524 | S96: 6542862
A97: S6 | B97: x | C97: M4 | D97: 101 | E97: E-5 | F97: SGT | G97: SMITH | H97: DANTE | I97: M4 | J97: W047830 | K97: M68 | L97: 1240-01-411-1265 | M97: K2359030 | N97: PEQ-15 | O97: 5855-01-534-5931 | P97: 443018 | Q97: PVS-14 | R97: 5855-01-432-0524 | S97: 6543962
A98: S6 | B98: x | C98: M4 | D98: 102 | E98: E-3 | F98: PFC | G98: COASEY | H98: DEMETRIS | I98: M4 | J98: W047842 | K98: M68 | L98: 1240-01-411-1265 | M98: W2487349 | N98: PEQ-15 | O98: 5855-01-534-5931 | P98: 443045 | Q98: PVS-14 | R98: 5855-01-432-0524 | S98: 6542854
A99: S6 | B99: x | C99: M4 | D99: 103 | E99: O-3 | F99: CPT | G99: SCOTT | H99: HANNAH | I99: M4 | J99: W678379 | K99: M68 | L99: 1240-01-411-1265 | M99: W2488297 | N99: PEQ-15A | O99: 5855-01-579-0062 | P99: 00041684 | Q99: PVS-14 | R99: 5855-01-432-0524 | S99: 6543974
A100: S6 | B100: x | C100: M4 | D100: 104 | E100: E-3 | F100: PFC | G100: ANTHONY | H100: PHIL | I100: M4 | J100: W047862 | K100: M68 | L100: 1240-01-411-1265 | M100: W2129801 | N100: PEQ-15A | O100: 5855-01-579-0062 | P100: 00056422 | Q100: PVS-14 | R100: 5855-01-432-0524 | S100: 6518488
...
